respondent_id,BFI_E1,BFI_E2,BFI_E3,BFI_E4,BFI_E5,BFI_E6,BFI_E7,BFI_E8,BFI_E9,BFI_E10,BFI_A1,BFI_A2,BFI_A3,BFI_A4,BFI_A5,BFI_A6,BFI_A7,BFI_A8,BFI_A9,BFI_A10,BFI_C1,BFI_C2,BFI_C3,BFI_C4,BFI_C5,BFI_C6,BFI_C7,BFI_C8,BFI_C9,BFI_C10,BFI_N1,BFI_N2,BFI_N3,BFI_N4,BFI_N5,BFI_N6,BFI_N7,BFI_N8,BFI_N9,BFI_N10,BFI_O1,BFI_O2,BFI_O3,BFI_O4,BFI_O5,BFI_O6,BFI_O7,BFI_O8,BFI_O9,BFI_O10,age,gender,education,group,BFI_E1_t2,BFI_E2_t2,BFI_E3_t2,BFI_E4_t2,BFI_E5_t2,BFI_E6_t2,BFI_E7_t2,BFI_E8_t2,BFI_E9_t2,BFI_E10_t2,BFI_A1_t2,BFI_A2_t2,BFI_A3_t2,BFI_A4_t2,BFI_A5_t2,BFI_A6_t2,BFI_A7_t2,BFI_A8_t2,BFI_A9_t2,BFI_A10_t2,BFI_C1_t2,BFI_C2_t2,BFI_C3_t2,BFI_C4_t2,BFI_C5_t2,BFI_C6_t2,BFI_C7_t2,BFI_C8_t2,BFI_C9_t2,BFI_C10_t2,BFI_N1_t2,BFI_N2_t2,BFI_N3_t2,BFI_N4_t2,BFI_N5_t2,BFI_N6_t2,BFI_N7_t2,BFI_N8_t2,BFI_N9_t2,BFI_N10_t2,BFI_O1_t2,BFI_O2_t2,BFI_O3_t2,BFI_O4_t2,BFI_O5_t2,BFI_O6_t2,BFI_O7_t2,BFI_O8_t2,BFI_O9_t2,BFI_O10_t2,criterion_convergent,criterion_discriminant,outcome_positive
1,3.0,,2.0,1.0,2.0,3.0,2.0,2.0,4.0,2.0,2.0,2.0,1.0,1.0,2.0,2.0,2.0,2.0,3.0,2.0,2.0,3.0,2.0,2.0,4.0,3.0,0.0,3.0,2.0,1.0,1.0,3.0,1.0,3.0,2.0,2.0,0.0,2.0,1.0,2.0,3.0,1.0,2.0,1.0,3.0,1.0,2.0,1.0,2.0,2.0,39,Man,Gymnasium,Grupp B,,,,,,,,,,,,,,,,,,,,,,,,,,,,,,,,,,,,,,,,,,,,,,,,,,,44.0,83.0,1
2,3.0,2.0,3.0,1.0,2.0,2.0,2.0,2.0,1.0,2.0,4.0,0.0,4.0,1.0,3.0,0.0,3.0,1.0,1.0,0.0,,2.0,1.0,4.0,2.0,2.0,0.0,3.0,2.0,2.0,3.0,1.0,4.0,1.0,2.0,3.0,3.0,3.0,3.0,3.0,0.0,2.0,1.0,3.0,2.0,3.0,0.0,1.0,0.0,1.0,45,Kvinna,Gymnasium,Grupp B,,,,,,,,,,,,,,,,,,,,,,,,,,,,,,,,,,,,,,,,,,,,,,,,,,,23.0,35.0,0
3,3.0,2.0,3.0,0.0,2.0,1.0,3.0,3.0,2.0,2.0,0.0,3.0,0.0,4.0,1.0,4.0,1.0,4.0,3.0,3.0,3.0,2.0,3.0,1.0,3.0,2.0,1.0,2.0,2.0,1.0,3.0,2.0,2.0,2.0,2.0,2.0,0.0,0.0,2.0,0.0,1.0,2.0,0.0,1.0,1.0,4.0,1.0,0.0,1.0,1.0,46,Man,Högskola/Universitet,Grupp A,,,,,,,,,,,,,,,,,,,,,,,,,,,,,,,,,,,,,,,,,,,,,,,,,,,63.0,60.0,0
4,3.0,1.0,3.0,,4.0,1.0,3.0,0.0,4.0,2.0,3.0,2.0,4.0,1.0,2.0,0.0,2.0,0.0,1.0,0.0,1.0,3.0,1.0,2.0,0.0,3.0,0.0,3.0,0.0,0.0,2.0,2.0,2.0,4.0,1.0,0.0,1.0,2.0,2.0,1.0,4.0,0.0,2.0,0.0,3.0,0.0,3.0,4.0,4.0,3.0,33,Man,Högskola/Universitet,Grupp C,,,,,,,,,,,,,,,,,,,,,,,,,,,,,,,,,,,,,,,,,,,,,,,,,,,87.0,56.0,1
5,4.0,2.0,1.0,1.0,2.0,3.0,1.0,2.0,3.0,2.0,2.0,2.0,2.0,3.0,2.0,0.0,0.0,2.0,3.0,2.0,2.0,1.0,2.0,2.0,3.0,2.0,1.0,3.0,2.0,1.0,3.0,2.0,2.0,1.0,3.0,2.0,3.0,,2.0,3.0,0.0,4.0,0.0,4.0,0.0,4.0,1.0,0.0,0.0,1.0,18,Kvinna,Högskola/Universitet,Grupp A,,,,,,,,,,,,,,,,,,,,,,,,,,,,,,,,,,,,,,,,,,,,,,,,,,,45.0,45.0,0
6,1.0,3.0,2.0,2.0,0.0,2.0,2.0,3.0,1.0,1.0,2.0,3.0,2.0,0.0,2.0,4.0,1.0,3.0,3.0,1.0,2.0,2.0,2.0,3.0,1.0,3.0,2.0,2.0,2.0,2.0,0.0,4.0,0.0,3.0,1.0,2.0,0.0,0.0,1.0,1.0,4.0,1.0,3.0,2.0,2.0,1.0,3.0,3.0,1.0,3.0,63,Kvinna,Gymnasium,Grupp A,0.0,2.0,0.0,4.0,1.0,4.0,0.0,3.0,1.0,2.0,4.0,2.0,3.0,2.0,3.0,2.0,2.0,2.0,1.0,2.0,3.0,2.0,2.0,2.0,1.0,2.0,2.0,2.0,2.0,1.0,2.0,2.0,0.0,3.0,1.0,1.0,0.0,1.0,0.0,0.0,2.0,2.0,2.0,2.0,3.0,1.0,2.0,2.0,2.0,0.0,25.0,32.0,0
7,1.0,1.0,2.0,1.0,2.0,1.0,2.0,2.0,2.0,,2.0,2.0,2.0,3.0,1.0,1.0,3.0,2.0,3.0,3.0,4.0,0.0,4.0,0.0,2.0,0.0,4.0,0.0,4.0,3.0,2.0,0.0,3.0,1.0,3.0,3.0,4.0,3.0,3.0,4.0,3.0,2.0,4.0,2.0,2.0,1.0,2.0,1.0,2.0,2.0,46,Kvinna,Högskola/Universitet,Grupp B,,,,,,,,,,,,,,,,,,,,,,,,,,,,,,,,,,,,,,,,,,,,,,,,,,,40.0,40.0,0
8,2.0,1.0,2.0,2.0,2.0,2.0,0.0,2.0,2.0,2.0,2.0,0.0,2.0,1.0,4.0,3.0,2.0,4.0,2.0,2.0,4.0,1.0,4.0,0.0,4.0,1.0,4.0,2.0,4.0,3.0,3.0,2.0,2.0,2.0,3.0,2.0,2.0,2.0,3.0,1.0,2.0,2.0,4.0,1.0,2.0,1.0,2.0,3.0,2.0,3.0,34,Kvinna,Grundskola,Grupp B,,,,,,,,,,,,,,,,,,,,,,,,,,,,,,,,,,,,,,,,,,,,,,,,,,,47.0,38.0,1
9,3.0,1.0,3.0,1.0,3.0,1.0,3.0,1.0,4.0,1.0,1.0,3.0,2.0,2.0,2.0,3.0,2.0,0.0,0.0,1.0,0.0,4.0,0.0,4.0,0.0,4.0,2.0,4.0,0.0,1.0,2.0,4.0,2.0,3.0,1.0,1.0,0.0,1.0,2.0,2.0,1.0,2.0,2.0,2.0,0.0,2.0,0.0,1.0,1.0,0.0,46,Kvinna,Högskola/Universitet,Grupp B,,,,,,,,,,,,,,,,,,,,,,,,,,,,,,,,,,,,,,,,,,,,,,,,,,,61.0,38.0,1
10,3.0,1.0,2.0,2.0,2.0,2.0,2.0,2.0,2.0,1.0,2.0,,2.0,2.0,2.0,2.0,0.0,2.0,2.0,1.0,0.0,4.0,2.0,4.0,2.0,3.0,2.0,3.0,2.0,0.0,2.0,3.0,2.0,2.0,2.0,1.0,3.0,3.0,1.0,2.0,4.0,2.0,,2.0,0.0,2.0,3.0,4.0,2.0,2.0,46,Annat,Högskola/Universitet,Grupp B,,,,,,,,,,,,,,,,,,,,,,,,,,,,,,,,,,,,,,,,,,,,,,,,,,,63.0,44.0,1
11,2.0,0.0,4.0,0.0,4.0,0.0,4.0,0.0,4.0,0.0,2.0,1.0,3.0,0.0,2.0,1.0,3.0,2.0,2.0,1.0,2.0,1.0,2.0,2.0,1.0,1.0,3.0,2.0,2.0,1.0,1.0,2.0,1.0,2.0,1.0,1.0,2.0,1.0,2.0,1.0,4.0,1.0,2.0,2.0,2.0,2.0,2.0,3.0,3.0,3.0,60,Man,Gymnasium,Grupp B,,,,,,,,,,,,,,,,,,,,,,,,,,,,,,,,,,,,,,,,,,,,,,,,,,,93.0,51.0,1
12,0.0,4.0,1.0,3.0,1.0,2.0,2.0,3.0,2.0,4.0,2.0,1.0,2.0,1.0,3.0,,2.0,2.0,3.0,4.0,2.0,3.0,1.0,3.0,2.0,4.0,1.0,2.0,0.0,2.0,2.0,3.0,2.0,1.0,2.0,1.0,3.0,2.0,1.0,2.0,2.0,2.0,2.0,1.0,4.0,2.0,2.0,2.0,2.0,3.0,44,Man,Gymnasium,Grupp A,,,,,,,,,,,,,,,,,,,,,,,,,,,,,,,,,,,,,,,,,,,,,,,,,,,37.0,68.0,0
13,2.0,2.0,2.0,2.0,2.0,2.0,3.0,2.0,0.0,2.0,2.0,3.0,1.0,2.0,0.0,2.0,2.0,2.0,2.0,4.0,3.0,1.0,1.0,1.0,3.0,0.0,3.0,3.0,3.0,0.0,1.0,2.0,2.0,3.0,2.0,2.0,1.0,1.0,2.0,0.0,2.0,1.0,4.0,0.0,1.0,2.0,1.0,4.0,3.0,4.0,31,Kvinna,Högskola/Universitet,Grupp A,0.0,3.0,1.0,4.0,1.0,4.0,0.0,3.0,0.0,2.0,1.0,4.0,0.0,2.0,1.0,2.0,1.0,4.0,3.0,3.0,3.0,2.0,3.0,3.0,2.0,2.0,2.0,3.0,2.0,2.0,3.0,2.0,2.0,3.0,1.0,1.0,1.0,2.0,1.0,2.0,2.0,2.0,2.0,2.0,2.0,0.0,2.0,4.0,2.0,3.0,51.0,48.0,0
14,3.0,1.0,1.0,4.0,1.0,2.0,2.0,2.0,1.0,2.0,2.0,2.0,4.0,2.0,2.0,0.0,2.0,2.0,0.0,1.0,3.0,2.0,2.0,1.0,1.0,1.0,1.0,2.0,2.0,2.0,2.0,2.0,3.0,1.0,2.0,2.0,1.0,2.0,3.0,2.0,3.0,1.0,3.0,1.0,3.0,2.0,2.0,3.0,4.0,4.0,20,Man,Gymnasium,Grupp C,,,,,,,,,,,,,,,,,,,,,,,,,,,,,,,,,,,,,,,,,,,,,,,,,,,43.0,51.0,0
15,3.0,2.0,2.0,1.0,2.0,0.0,1.0,2.0,2.0,2.0,3.0,2.0,2.0,2.0,3.0,2.0,3.0,1.0,1.0,0.0,2.0,4.0,0.0,4.0,1.0,2.0,0.0,3.0,0.0,2.0,2.0,2.0,1.0,4.0,2.0,2.0,1.0,2.0,3.0,2.0,2.0,2.0,2.0,2.0,3.0,3.0,2.0,0.0,2.0,2.0,41,Man,Gymnasium,Grupp B,,,,,,,,,,,,,,,,,,,,,,,,,,,,,,,,,,,,,,,,,,,,,,,,,,,54.0,53.0,0
16,4.0,1.0,4.0,2.0,2.0,0.0,4.0,1.0,4.0,1.0,2.0,3.0,2.0,2.0,2.0,2.0,2.0,2.0,0.0,3.0,3.0,1.0,2.0,2.0,2.0,0.0,4.0,1.0,4.0,1.0,3.0,3.0,1.0,3.0,2.0,1.0,3.0,1.0,2.0,0.0,1.0,4.0,1.0,3.0,1.0,3.0,2.0,2.0,2.0,1.0,39,Kvinna,Högskola/Universitet,Grupp A,4.0,1.0,2.0,2.0,3.0,2.0,4.0,1.0,2.0,0.0,2.0,3.0,3.0,2.0,4.0,2.0,3.0,2.0,3.0,2.0,3.0,0.0,3.0,2.0,2.0,1.0,3.0,1.0,3.0,2.0,0.0,2.0,0.0,3.0,1.0,2.0,1.0,1.0,0.0,1.0,1.0,2.0,1.0,2.0,3.0,0.0,2.0,2.0,2.0,1.0,67.0,44.0,0
17,3.0,1.0,2.0,1.0,2.0,2.0,3.0,1.0,4.0,3.0,3.0,2.0,4.0,0.0,3.0,0.0,1.0,2.0,2.0,1.0,2.0,0.0,3.0,2.0,3.0,2.0,2.0,1.0,3.0,3.0,2.0,0.0,1.0,4.0,1.0,2.0,2.0,4.0,2.0,2.0,3.0,2.0,2.0,2.0,2.0,2.0,3.0,2.0,1.0,3.0,33,Kvinna,Högskola/Universitet,Grupp A,,,,,,,,,,,,,,,,,,,,,,,,,,,,,,,,,,,,,,,,,,,,,,,,,,,55.0,72.0,1
18,1.0,2.0,2.0,2.0,0.0,4.0,0.0,3.0,1.0,2.0,1.0,3.0,0.0,3.0,3.0,2.0,1.0,3.0,2.0,2.0,1.0,3.0,2.0,3.0,1.0,3.0,2.0,4.0,1.0,2.0,2.0,1.0,4.0,2.0,3.0,3.0,3.0,3.0,4.0,3.0,2.0,1.0,2.0,0.0,2.0,3.0,2.0,3.0,3.0,2.0,36,Man,Gymnasium,Grupp B,,,,,,,,,,,,,,,,,,,,,,,,,,,,,,,,,,,,,,,,,,,,,,,,,,,37.0,53.0,1
19,2.0,2.0,2.0,2.0,1.0,2.0,2.0,2.0,3.0,2.0,1.0,4.0,0.0,3.0,1.0,2.0,2.0,4.0,3.0,2.0,3.0,0.0,4.0,0.0,2.0,1.0,2.0,0.0,4.0,4.0,2.0,2.0,0.0,2.0,1.0,2.0,1.0,2.0,2.0,3.0,2.0,2.0,2.0,2.0,2.0,3.0,2.0,0.0,0.0,0.0,41,Man,Högskola/Universitet,Grupp A,,,,,,,,,,,,,,,,,,,,,,,,,,,,,,,,,,,,,,,,,,,,,,,,,,,57.0,52.0,1
20,1.0,4.0,1.0,4.0,0.0,4.0,0.0,4.0,0.0,3.0,2.0,2.0,2.0,3.0,3.0,2.0,2.0,2.0,2.0,2.0,2.0,2.0,2.0,2.0,2.0,2.0,1.0,4.0,2.0,2.0,3.0,2.0,2.0,4.0,2.0,1.0,2.0,4.0,2.0,1.0,2.0,3.0,2.0,2.0,0.0,3.0,3.0,1.0,2.0,1.0,31,Kvinna,Grundskola,Grupp A,1.0,4.0,2.0,3.0,2.0,3.0,2.0,0.0,2.0,4.0,2.0,3.0,0.0,2.0,0.0,2.0,1.0,3.0,2.0,3.0,2.0,2.0,2.0,3.0,1.0,1.0,2.0,2.0,3.0,2.0,2.0,1.0,1.0,2.0,3.0,2.0,3.0,2.0,3.0,4.0,1.0,4.0,2.0,2.0,1.0,2.0,2.0,1.0,2.0,2.0,41.0,60.0,0
21,0.0,1.0,1.0,2.0,2.0,2.0,2.0,2.0,2.0,3.0,2.0,1.0,3.0,2.0,2.0,2.0,2.0,2.0,4.0,2.0,2.0,2.0,1.0,4.0,1.0,2.0,1.0,3.0,2.0,1.0,3.0,1.0,2.0,2.0,4.0,2.0,3.0,3.0,2.0,1.0,2.0,2.0,1.0,2.0,3.0,2.0,0.0,1.0,1.0,2.0,41,Kvinna,Gymnasium,Grupp A,,,,,,,,,,,,,,,,,,,,,,,,,,,,,,,,,,,,,,,,,,,,,,,,,,,66.0,58.0,1
22,2.0,,4.0,1.0,3.0,2.0,4.0,0.0,2.0,1.0,0.0,2.0,0.0,2.0,0.0,1.0,0.0,4.0,4.0,2.0,2.0,2.0,0.0,3.0,2.0,3.0,1.0,2.0,2.0,0.0,3.0,3.0,2.0,2.0,2.0,3.0,2.0,3.0,3.0,2.0,3.0,2.0,3.0,2.0,3.0,2.0,2.0,2.0,3.0,3.0,36,Man,Högskola/Universitet,Grupp A,,,,,,,,,,,,,,,,,,,,,,,,,,,,,,,,,,,,,,,,,,,,,,,,,,,53.0,43.0,0
23,2.0,4.0,2.0,3.0,3.0,3.0,3.0,2.0,2.0,2.0,3.0,0.0,3.0,3.0,2.0,3.0,3.0,1.0,4.0,2.0,4.0,1.0,2.0,0.0,3.0,1.0,3.0,1.0,4.0,2.0,2.0,1.0,2.0,2.0,3.0,2.0,2.0,,2.0,3.0,2.0,2.0,1.0,3.0,2.0,1.0,3.0,3.0,3.0,3.0,37,Kvinna,Gymnasium,Grupp A,,,,,,,,,,,,,,,,,,,,,,,,,,,,,,,,,,,,,,,,,,,,,,,,,,,28.0,73.0,0
24,3.0,0.0,4.0,0.0,3.0,0.0,3.0,1.0,3.0,0.0,1.0,2.0,1.0,4.0,1.0,4.0,1.0,3.0,4.0,2.0,3.0,3.0,3.0,2.0,2.0,1.0,1.0,3.0,4.0,4.0,0.0,3.0,3.0,4.0,1.0,2.0,2.0,1.0,1.0,1.0,2.0,0.0,3.0,1.0,3.0,1.0,2.0,3.0,3.0,1.0,28,Man,Gymnasium,Grupp B,,,,,,,,,,,,,,,,,,,,,,,,,,,,,,,,,,,,,,,,,,,,,,,,,,,66.0,70.0,1
25,2.0,3.0,0.0,2.0,2.0,4.0,1.0,1.0,2.0,3.0,2.0,1.0,4.0,1.0,1.0,1.0,3.0,2.0,2.0,2.0,1.0,2.0,1.0,4.0,1.0,3.0,2.0,3.0,2.0,1.0,1.0,3.0,2.0,2.0,0.0,2.0,1.0,1.0,1.0,1.0,2.0,1.0,2.0,0.0,3.0,1.0,4.0,3.0,3.0,3.0,51,Kvinna,Gymnasium,Grupp C,,,,,,,,,,,,,,,,,,,,,,,,,,,,,,,,,,,,,,,,,,,,,,,,,,,12.0,65.0,0
26,2.0,2.0,1.0,3.0,2.0,3.0,1.0,2.0,3.0,2.0,2.0,1.0,3.0,1.0,3.0,1.0,2.0,3.0,2.0,1.0,2.0,3.0,2.0,2.0,1.0,4.0,1.0,3.0,2.0,1.0,2.0,0.0,4.0,0.0,4.0,4.0,4.0,4.0,4.0,2.0,2.0,3.0,2.0,2.0,2.0,4.0,,0.0,1.0,0.0,39,Kvinna,Högskola/Universitet,Grupp A,,,,,,,,,,,,,,,,,,,,,,,,,,,,,,,,,,,,,,,,,,,,,,,,,,,45.0,53.0,0
27,3.0,0.0,4.0,0.0,3.0,1.0,4.0,0.0,3.0,2.0,0.0,3.0,1.0,3.0,0.0,2.0,0.0,3.0,2.0,4.0,4.0,0.0,2.0,0.0,2.0,1.0,4.0,2.0,2.0,2.0,2.0,1.0,1.0,3.0,0.0,1.0,0.0,0.0,0.0,4.0,4.0,0.0,3.0,2.0,4.0,1.0,4.0,4.0,4.0,4.0,37,Kvinna,Gymnasium,Grupp A,,,,,,,,,,,,,,,,,,,,,,,,,,,,,,,,,,,,,,,,,,,,,,,,,,,70.0,46.0,1
28,1.0,2.0,2.0,2.0,0.0,2.0,1.0,3.0,2.0,,4.0,0.0,2.0,0.0,4.0,1.0,4.0,2.0,1.0,0.0,2.0,1.0,1.0,2.0,2.0,3.0,1.0,2.0,0.0,1.0,4.0,1.0,3.0,2.0,3.0,4.0,4.0,4.0,2.0,4.0,3.0,4.0,3.0,2.0,2.0,2.0,3.0,2.0,0.0,2.0,48,Man,Gymnasium,Grupp B,,,,,,,,,,,,,,,,,,,,,,,,,,,,,,,,,,,,,,,,,,,,,,,,,,,48.0,81.0,0
29,2.0,3.0,2.0,2.0,2.0,2.0,3.0,2.0,1.0,1.0,4.0,0.0,4.0,0.0,3.0,1.0,2.0,1.0,0.0,1.0,1.0,3.0,2.0,2.0,1.0,2.0,2.0,2.0,1.0,1.0,4.0,0.0,3.0,2.0,1.0,3.0,3.0,2.0,3.0,4.0,2.0,2.0,2.0,2.0,0.0,2.0,2.0,2.0,1.0,2.0,49,Kvinna,Gymnasium,Grupp A,3.0,1.0,4.0,1.0,3.0,0.0,2.0,1.0,2.0,1.0,4.0,2.0,2.0,1.0,4.0,3.0,2.0,1.0,1.0,0.0,4.0,0.0,4.0,0.0,2.0,2.0,3.0,1.0,4.0,2.0,3.0,0.0,3.0,1.0,4.0,4.0,4.0,2.0,2.0,4.0,0.0,1.0,2.0,2.0,2.0,2.0,3.0,2.0,1.0,1.0,42.0,54.0,1
30,2.0,3.0,3.0,3.0,1.0,2.0,2.0,2.0,1.0,2.0,2.0,2.0,2.0,3.0,2.0,1.0,1.0,3.0,3.0,2.0,3.0,2.0,2.0,2.0,3.0,2.0,2.0,2.0,2.0,2.0,2.0,2.0,0.0,1.0,3.0,1.0,3.0,2.0,4.0,0.0,2.0,3.0,1.0,2.0,2.0,2.0,1.0,2.0,2.0,2.0,50,Kvinna,Gymnasium,Grupp B,2.0,1.0,3.0,1.0,1.0,2.0,2.0,3.0,2.0,2.0,2.0,3.0,2.0,2.0,3.0,2.0,2.0,3.0,3.0,1.0,2.0,3.0,3.0,2.0,4.0,1.0,2.0,2.0,2.0,3.0,2.0,3.0,2.0,2.0,3.0,2.0,1.0,2.0,2.0,2.0,1.0,4.0,2.0,3.0,2.0,3.0,1.0,1.0,1.0,0.0,66.0,64.0,0
31,2.0,3.0,2.0,2.0,2.0,3.0,2.0,2.0,2.0,3.0,3.0,1.0,2.0,1.0,,3.0,2.0,1.0,2.0,3.0,1.0,1.0,3.0,,1.0,2.0,2.0,1.0,1.0,2.0,1.0,1.0,0.0,2.0,2.0,2.0,3.0,1.0,2.0,2.0,4.0,0.0,3.0,1.0,4.0,2.0,4.0,4.0,2.0,3.0,29,Kvinna,Gymnasium,Grupp A,,,,,,,,,,,,,,,,,,,,,,,,,,,,,,,,,,,,,,,,,,,,,,,,,,,51.0,45.0,0
32,0.0,3.0,0.0,4.0,0.0,4.0,0.0,4.0,0.0,4.0,2.0,2.0,2.0,0.0,4.0,0.0,2.0,1.0,0.0,2.0,0.0,3.0,2.0,3.0,0.0,3.0,1.0,3.0,,1.0,4.0,0.0,4.0,0.0,4.0,3.0,4.0,2.0,4.0,3.0,1.0,3.0,0.0,2.0,0.0,3.0,0.0,0.0,1.0,1.0,24,Kvinna,Gymnasium,Grupp A,,,,,,,,,,,,,,,,,,,,,,,,,,,,,,,,,,,,,,,,,,,,,,,,,,,1.0,41.0,0
33,1.0,,2.0,4.0,0.0,2.0,0.0,3.0,1.0,2.0,3.0,1.0,2.0,1.0,2.0,1.0,3.0,2.0,2.0,2.0,3.0,2.0,2.0,1.0,4.0,2.0,4.0,2.0,2.0,1.0,1.0,2.0,2.0,3.0,3.0,3.0,3.0,2.0,1.0,4.0,0.0,4.0,0.0,3.0,2.0,4.0,0.0,0.0,0.0,0.0,18,Man,Gymnasium,Grupp B,,,,,,,,,,,,,,,,,,,,,,,,,,,,,,,,,,,,,,,,,,,,,,,,,,,34.0,67.0,0
34,4.0,1.0,4.0,0.0,2.0,2.0,3.0,0.0,2.0,2.0,1.0,3.0,1.0,3.0,0.0,2.0,1.0,3.0,4.0,4.0,0.0,2.0,1.0,2.0,4.0,1.0,3.0,4.0,1.0,1.0,2.0,3.0,3.0,2.0,2.0,2.0,2.0,2.0,2.0,0.0,2.0,2.0,2.0,2.0,2.0,1.0,2.0,1.0,2.0,1.0,41,Kvinna,Gymnasium,Grupp B,3.0,1.0,2.0,2.0,3.0,2.0,3.0,2.0,3.0,1.0,1.0,4.0,2.0,3.0,1.0,1.0,1.0,2.0,3.0,2.0,0.0,2.0,2.0,4.0,3.0,3.0,1.0,2.0,1.0,2.0,3.0,2.0,4.0,2.0,2.0,1.0,2.0,2.0,3.0,3.0,1.0,1.0,2.0,2.0,3.0,3.0,2.0,2.0,3.0,3.0,40.0,89.0,1
35,1.0,2.0,2.0,1.0,3.0,4.0,2.0,2.0,2.0,2.0,4.0,2.0,2.0,0.0,2.0,2.0,3.0,2.0,0.0,2.0,,2.0,2.0,3.0,2.0,2.0,1.0,2.0,3.0,1.0,2.0,1.0,2.0,2.0,3.0,1.0,1.0,2.0,2.0,3.0,1.0,2.0,1.0,2.0,2.0,1.0,2.0,2.0,4.0,0.0,51,Kvinna,Gymnasium,Grupp B,2.0,2.0,1.0,2.0,2.0,3.0,2.0,3.0,1.0,0.0,2.0,2.0,3.0,1.0,2.0,0.0,3.0,2.0,2.0,1.0,2.0,2.0,0.0,3.0,2.0,2.0,3.0,3.0,2.0,1.0,2.0,2.0,2.0,0.0,2.0,2.0,2.0,3.0,1.0,4.0,2.0,3.0,2.0,3.0,0.0,1.0,2.0,2.0,2.0,1.0,54.0,58.0,0
36,3.0,2.0,2.0,3.0,1.0,3.0,1.0,1.0,2.0,2.0,1.0,3.0,2.0,1.0,2.0,2.0,2.0,3.0,1.0,2.0,1.0,2.0,3.0,2.0,2.0,3.0,3.0,3.0,4.0,2.0,3.0,0.0,3.0,3.0,2.0,3.0,2.0,3.0,2.0,1.0,2.0,2.0,3.0,2.0,3.0,2.0,3.0,1.0,4.0,2.0,45,Man,Gymnasium,Grupp A,,,,,,,,,,,,,,,,,,,,,,,,,,,,,,,,,,,,,,,,,,,,,,,,,,,51.0,50.0,0
37,2.0,2.0,1.0,2.0,1.0,2.0,1.0,2.0,0.0,2.0,2.0,2.0,2.0,1.0,2.0,2.0,2.0,2.0,2.0,3.0,0.0,3.0,2.0,2.0,1.0,2.0,3.0,2.0,1.0,2.0,3.0,2.0,3.0,2.0,3.0,1.0,2.0,2.0,4.0,3.0,2.0,2.0,4.0,3.0,,2.0,3.0,2.0,3.0,2.0,45,Man,Gymnasium,Grupp B,,,,,,,,,,,,,,,,,,,,,,,,,,,,,,,,,,,,,,,,,,,,,,,,,,,17.0,70.0,0
38,4.0,2.0,2.0,2.0,0.0,1.0,1.0,3.0,2.0,3.0,2.0,2.0,1.0,2.0,3.0,2.0,2.0,1.0,4.0,2.0,2.0,2.0,2.0,3.0,1.0,3.0,1.0,3.0,3.0,2.0,4.0,3.0,3.0,1.0,3.0,3.0,3.0,4.0,4.0,4.0,4.0,2.0,3.0,0.0,2.0,1.0,4.0,4.0,2.0,3.0,40,Kvinna,Högskola/Universitet,Grupp A,,,,,,,,,,,,,,,,,,,,,,,,,,,,,,,,,,,,,,,,,,,,,,,,,,,67.0,62.0,0
39,2.0,0.0,3.0,1.0,3.0,1.0,3.0,2.0,2.0,1.0,2.0,1.0,1.0,2.0,2.0,3.0,2.0,2.0,1.0,2.0,3.0,2.0,4.0,2.0,2.0,0.0,,1.0,0.0,2.0,2.0,2.0,2.0,3.0,2.0,3.0,2.0,2.0,1.0,3.0,1.0,3.0,1.0,4.0,1.0,2.0,1.0,2.0,2.0,2.0,35,Kvinna,Grundskola,Grupp B,4.0,1.0,3.0,1.0,2.0,0.0,2.0,2.0,3.0,1.0,3.0,3.0,4.0,2.0,2.0,3.0,2.0,2.0,2.0,3.0,2.0,2.0,3.0,1.0,2.0,2.0,3.0,0.0,4.0,3.0,1.0,2.0,2.0,4.0,0.0,1.0,2.0,1.0,2.0,2.0,0.0,2.0,2.0,2.0,2.0,1.0,2.0,2.0,2.0,2.0,61.0,54.0,0
40,0.0,4.0,2.0,4.0,0.0,3.0,1.0,2.0,0.0,4.0,3.0,1.0,3.0,1.0,4.0,2.0,2.0,0.0,0.0,0.0,2.0,1.0,3.0,1.0,2.0,2.0,3.0,2.0,3.0,2.0,2.0,2.0,2.0,2.0,2.0,2.0,2.0,2.0,2.0,3.0,2.0,1.0,4.0,2.0,2.0,2.0,3.0,2.0,0.0,3.0,46,Kvinna,Gymnasium,Grupp A,,,,,,,,,,,,,,,,,,,,,,,,,,,,,,,,,,,,,,,,,,,,,,,,,,,35.0,57.0,0
41,0.0,4.0,1.0,3.0,1.0,3.0,1.0,2.0,0.0,3.0,4.0,1.0,,1.0,4.0,2.0,4.0,0.0,0.0,0.0,0.0,2.0,1.0,3.0,1.0,4.0,0.0,3.0,1.0,1.0,1.0,3.0,2.0,1.0,2.0,2.0,3.0,2.0,2.0,4.0,2.0,1.0,2.0,3.0,2.0,3.0,2.0,1.0,2.0,0.0,39,Kvinna,Högskola/Universitet,Grupp A,,,,,,,,,,,,,,,,,,,,,,,,,,,,,,,,,,,,,,,,,,,,,,,,,,,35.0,30.0,0
42,2.0,0.0,3.0,1.0,3.0,0.0,4.0,1.0,4.0,2.0,0.0,2.0,2.0,3.0,2.0,3.0,0.0,0.0,2.0,3.0,2.0,1.0,2.0,1.0,2.0,2.0,4.0,3.0,2.0,4.0,1.0,2.0,0.0,3.0,1.0,0.0,1.0,1.0,1.0,0.0,0.0,4.0,3.0,2.0,1.0,4.0,,2.0,1.0,1.0,34,Kvinna,Högskola/Universitet,Grupp C,,,,,,,,,,,,,,,,,,,,,,,,,,,,,,,,,,,,,,,,,,,,,,,,,,,70.0,41.0,1
43,3.0,2.0,2.0,2.0,2.0,1.0,3.0,0.0,2.0,2.0,3.0,2.0,4.0,0.0,2.0,1.0,3.0,2.0,2.0,2.0,4.0,0.0,2.0,1.0,4.0,0.0,3.0,0.0,4.0,3.0,2.0,1.0,2.0,3.0,2.0,2.0,3.0,2.0,2.0,3.0,2.0,3.0,3.0,3.0,3.0,3.0,2.0,0.0,1.0,0.0,18,Kvinna,Högskola/Universitet,Grupp A,2.0,0.0,2.0,1.0,2.0,1.0,1.0,3.0,2.0,2.0,2.0,2.0,3.0,1.0,4.0,0.0,3.0,0.0,2.0,2.0,1.0,2.0,1.0,2.0,2.0,1.0,3.0,3.0,2.0,2.0,2.0,1.0,2.0,3.0,2.0,2.0,3.0,2.0,2.0,3.0,3.0,2.0,2.0,2.0,3.0,1.0,2.0,1.0,4.0,3.0,39.0,48.0,1
44,1.0,4.0,2.0,4.0,1.0,4.0,1.0,3.0,0.0,4.0,3.0,2.0,4.0,0.0,2.0,2.0,4.0,0.0,1.0,0.0,4.0,2.0,1.0,2.0,4.0,0.0,4.0,2.0,3.0,4.0,4.0,2.0,3.0,1.0,2.0,2.0,3.0,4.0,3.0,4.0,,4.0,1.0,2.0,1.0,4.0,1.0,2.0,1.0,2.0,54,Kvinna,Gymnasium,Grupp C,0.0,3.0,0.0,4.0,0.0,4.0,0.0,3.0,1.0,4.0,3.0,1.0,3.0,1.0,1.0,2.0,2.0,0.0,2.0,1.0,2.0,3.0,2.0,3.0,1.0,3.0,2.0,2.0,2.0,3.0,2.0,2.0,3.0,1.0,4.0,4.0,3.0,3.0,3.0,3.0,0.0,4.0,0.0,3.0,1.0,4.0,1.0,0.0,1.0,1.0,27.0,38.0,0
45,2.0,2.0,2.0,2.0,3.0,3.0,2.0,1.0,3.0,2.0,2.0,0.0,3.0,1.0,2.0,2.0,4.0,0.0,0.0,0.0,2.0,2.0,2.0,2.0,4.0,2.0,2.0,1.0,2.0,2.0,4.0,0.0,3.0,0.0,4.0,4.0,2.0,2.0,3.0,4.0,3.0,1.0,4.0,1.0,2.0,1.0,3.0,4.0,4.0,2.0,31,Man,Gymnasium,Grupp B,,,,,,,,,,,,,,,,,,,,,,,,,,,,,,,,,,,,,,,,,,,,,,,,,,,63.0,50.0,1
46,1.0,4.0,1.0,4.0,1.0,3.0,0.0,3.0,1.0,1.0,1.0,3.0,1.0,2.0,0.0,2.0,1.0,4.0,3.0,3.0,1.0,3.0,0.0,4.0,0.0,3.0,1.0,3.0,2.0,1.0,1.0,2.0,2.0,3.0,2.0,1.0,1.0,0.0,1.0,0.0,3.0,2.0,3.0,1.0,1.0,2.0,2.0,2.0,2.0,3.0,38,Kvinna,Gymnasium,Grupp A,0.0,3.0,0.0,3.0,1.0,4.0,0.0,4.0,0.0,4.0,0.0,3.0,0.0,2.0,0.0,4.0,1.0,4.0,3.0,2.0,2.0,3.0,2.0,3.0,1.0,2.0,2.0,2.0,2.0,1.0,2.0,2.0,3.0,1.0,2.0,1.0,1.0,2.0,2.0,2.0,1.0,0.0,3.0,3.0,3.0,2.0,2.0,2.0,2.0,1.0,43.0,25.0,0
47,1.0,3.0,2.0,2.0,2.0,2.0,1.0,2.0,2.0,4.0,3.0,2.0,2.0,1.0,3.0,3.0,2.0,2.0,0.0,2.0,2.0,2.0,2.0,2.0,4.0,2.0,3.0,3.0,2.0,2.0,2.0,2.0,2.0,2.0,1.0,3.0,2.0,2.0,2.0,0.0,0.0,4.0,1.0,2.0,1.0,2.0,0.0,0.0,3.0,1.0,41,Kvinna,Gymnasium,Grupp B,,,,,,,,,,,,,,,,,,,,,,,,,,,,,,,,,,,,,,,,,,,,,,,,,,,11.0,44.0,0
48,2.0,1.0,4.0,1.0,4.0,0.0,1.0,1.0,4.0,1.0,3.0,2.0,2.0,3.0,3.0,2.0,2.0,1.0,2.0,3.0,3.0,2.0,4.0,2.0,3.0,0.0,3.0,0.0,2.0,4.0,3.0,0.0,,2.0,2.0,2.0,1.0,3.0,2.0,1.0,2.0,1.0,2.0,1.0,3.0,2.0,4.0,2.0,2.0,3.0,74,Kvinna,Högskola/Universitet,Grupp B,2.0,0.0,2.0,2.0,2.0,0.0,2.0,1.0,3.0,2.0,2.0,2.0,2.0,1.0,2.0,3.0,2.0,3.0,2.0,3.0,3.0,2.0,2.0,2.0,3.0,2.0,3.0,1.0,3.0,3.0,1.0,2.0,2.0,3.0,1.0,2.0,1.0,3.0,2.0,0.0,1.0,2.0,3.0,2.0,4.0,2.0,3.0,2.0,2.0,2.0,91.0,45.0,1
49,3.0,2.0,4.0,1.0,4.0,0.0,4.0,0.0,4.0,0.0,2.0,4.0,2.0,0.0,3.0,2.0,2.0,1.0,2.0,1.0,0.0,3.0,3.0,3.0,0.0,3.0,0.0,3.0,0.0,1.0,2.0,2.0,1.0,3.0,3.0,3.0,3.0,,1.0,2.0,1.0,3.0,2.0,2.0,2.0,2.0,2.0,2.0,1.0,2.0,31,Man,Grundskola,Grupp C,,,,,,,,,,,,,,,,,,,,,,,,,,,,,,,,,,,,,,,,,,,,,,,,,,,74.0,44.0,1
50,3.0,4.0,2.0,2.0,1.0,2.0,2.0,1.0,1.0,1.0,1.0,2.0,,3.0,3.0,1.0,3.0,2.0,2.0,3.0,1.0,3.0,2.0,2.0,2.0,2.0,1.0,3.0,2.0,1.0,1.0,2.0,3.0,3.0,2.0,3.0,2.0,2.0,2.0,3.0,3.0,2.0,1.0,2.0,2.0,2.0,3.0,2.0,2.0,1.0,42,Kvinna,Gymnasium,Grupp A,,,,,,,,,,,,,,,,,,,,,,,,,,,,,,,,,,,,,,,,,,,,,,,,,,,61.0,44.0,0
51,3.0,2.0,4.0,1.0,3.0,2.0,4.0,1.0,2.0,1.0,3.0,0.0,4.0,0.0,4.0,2.0,4.0,1.0,1.0,0.0,1.0,3.0,1.0,3.0,0.0,3.0,1.0,4.0,0.0,1.0,1.0,2.0,2.0,2.0,2.0,2.0,1.0,1.0,2.0,4.0,2.0,1.0,2.0,1.0,1.0,3.0,2.0,3.0,1.0,2.0,24,Man,Gymnasium,Grupp B,,,,,,,,,,,,,,,,,,,,,,,,,,,,,,,,,,,,,,,,,,,,,,,,,,,53.0,47.0,1
52,1.0,4.0,2.0,4.0,1.0,3.0,2.0,3.0,3.0,3.0,1.0,2.0,3.0,4.0,2.0,3.0,2.0,2.0,3.0,2.0,1.0,2.0,2.0,3.0,2.0,2.0,3.0,2.0,3.0,2.0,2.0,3.0,2.0,2.0,2.0,1.0,2.0,2.0,1.0,0.0,2.0,2.0,2.0,2.0,3.0,1.0,3.0,1.0,1.0,3.0,51,Kvinna,Gymnasium,Grupp B,,,,,,,,,,,,,,,,,,,,,,,,,,,,,,,,,,,,,,,,,,,,,,,,,,,61.0,56.0,0
53,2.0,2.0,2.0,4.0,1.0,3.0,2.0,4.0,1.0,2.0,3.0,2.0,1.0,2.0,2.0,2.0,2.0,1.0,2.0,1.0,0.0,4.0,0.0,4.0,0.0,4.0,2.0,3.0,0.0,1.0,1.0,2.0,1.0,2.0,0.0,0.0,1.0,1.0,1.0,1.0,0.0,2.0,0.0,3.0,2.0,4.0,2.0,1.0,1.0,1.0,35,Kvinna,Högskola/Universitet,Grupp C,,,,,,,,,,,,,,,,,,,,,,,,,,,,,,,,,,,,,,,,,,,,,,,,,,,22.0,57.0,0
54,1.0,3.0,2.0,4.0,1.0,4.0,1.0,4.0,2.0,3.0,2.0,1.0,4.0,0.0,3.0,2.0,4.0,0.0,2.0,1.0,2.0,2.0,2.0,3.0,2.0,2.0,3.0,2.0,3.0,3.0,2.0,3.0,1.0,2.0,1.0,3.0,2.0,1.0,2.0,1.0,2.0,2.0,2.0,2.0,2.0,3.0,0.0,2.0,3.0,2.0,40,Kvinna,Grundskola,Grupp A,,,,,,,,,,,,,,,,,,,,,,,,,,,,,,,,,,,,,,,,,,,,,,,,,,,35.0,65.0,0
55,0.0,3.0,1.0,4.0,0.0,4.0,2.0,3.0,1.0,4.0,1.0,4.0,1.0,2.0,2.0,2.0,1.0,2.0,3.0,2.0,3.0,2.0,4.0,1.0,2.0,2.0,4.0,1.0,3.0,4.0,3.0,3.0,2.0,1.0,3.0,1.0,2.0,3.0,2.0,0.0,0.0,3.0,1.0,3.0,1.0,4.0,2.0,1.0,1.0,0.0,41,Kvinna,Högskola/Universitet,Grupp A,,,,,,,,,,,,,,,,,,,,,,,,,,,,,,,,,,,,,,,,,,,,,,,,,,,26.0,49.0,0
56,3.0,2.0,2.0,1.0,2.0,2.0,3.0,3.0,3.0,2.0,0.0,3.0,2.0,3.0,4.0,2.0,2.0,2.0,1.0,1.0,2.0,2.0,2.0,2.0,2.0,0.0,2.0,3.0,2.0,1.0,1.0,4.0,2.0,2.0,1.0,2.0,1.0,0.0,2.0,2.0,3.0,0.0,2.0,0.0,3.0,0.0,3.0,3.0,4.0,4.0,53,Kvinna,Gymnasium,Grupp C,,,,,,,,,,,,,,,,,,,,,,,,,,,,,,,,,,,,,,,,,,,,,,,,,,,75.0,34.0,1
57,4.0,0.0,3.0,2.0,2.0,2.0,3.0,2.0,3.0,0.0,3.0,0.0,3.0,0.0,3.0,1.0,4.0,1.0,0.0,2.0,1.0,2.0,1.0,3.0,2.0,2.0,2.0,3.0,2.0,3.0,1.0,1.0,3.0,1.0,2.0,2.0,3.0,3.0,3.0,2.0,1.0,4.0,1.0,2.0,0.0,3.0,2.0,1.0,0.0,1.0,28,Kvinna,Gymnasium,Grupp A,,,,,,,,,,,,,,,,,,,,,,,,,,,,,,,,,,,,,,,,,,,,,,,,,,,49.0,62.0,1
58,1.0,2.0,2.0,3.0,0.0,2.0,3.0,2.0,2.0,2.0,2.0,2.0,2.0,2.0,3.0,2.0,2.0,2.0,2.0,2.0,3.0,2.0,2.0,2.0,3.0,2.0,1.0,2.0,3.0,2.0,2.0,4.0,2.0,3.0,2.0,3.0,3.0,3.0,2.0,2.0,4.0,0.0,2.0,2.0,4.0,1.0,2.0,4.0,3.0,4.0,39,Kvinna,Gymnasium,Grupp B,,,,,,,,,,,,,,,,,,,,,,,,,,,,,,,,,,,,,,,,,,,,,,,,,,,59.0,27.0,0
59,4.0,1.0,4.0,2.0,4.0,2.0,4.0,0.0,3.0,0.0,2.0,4.0,1.0,3.0,2.0,2.0,2.0,3.0,3.0,4.0,2.0,2.0,2.0,2.0,2.0,3.0,2.0,2.0,0.0,2.0,1.0,4.0,0.0,3.0,0.0,0.0,0.0,2.0,0.0,1.0,2.0,2.0,2.0,1.0,3.0,2.0,2.0,3.0,2.0,4.0,58,Kvinna,Gymnasium,Grupp B,,,,,,,,,,,,,,,,,,,,,,,,,,,,,,,,,,,,,,,,,,,,,,,,,,,88.0,38.0,1
60,1.0,3.0,2.0,2.0,0.0,3.0,1.0,2.0,1.0,2.0,2.0,3.0,1.0,4.0,1.0,2.0,0.0,1.0,3.0,2.0,1.0,4.0,0.0,4.0,1.0,3.0,0.0,4.0,0.0,0.0,2.0,2.0,2.0,2.0,1.0,3.0,2.0,3.0,1.0,3.0,2.0,1.0,2.0,2.0,2.0,2.0,3.0,3.0,4.0,3.0,36,Kvinna,Gymnasium,Grupp B,,,,,,,,,,,,,,,,,,,,,,,,,,,,,,,,,,,,,,,,,,,,,,,,,,,53.0,54.0,0
61,1.0,2.0,2.0,3.0,1.0,3.0,1.0,3.0,1.0,2.0,4.0,2.0,4.0,1.0,2.0,2.0,1.0,2.0,0.0,2.0,2.0,2.0,2.0,2.0,3.0,0.0,3.0,2.0,2.0,1.0,3.0,0.0,2.0,0.0,4.0,2.0,4.0,4.0,2.0,3.0,1.0,3.0,2.0,3.0,0.0,4.0,1.0,1.0,1.0,1.0,47,Kvinna,Högskola/Universitet,Grupp A,0.0,2.0,0.0,3.0,1.0,2.0,2.0,2.0,2.0,0.0,2.0,2.0,1.0,4.0,1.0,2.0,2.0,2.0,3.0,3.0,3.0,2.0,2.0,2.0,1.0,2.0,0.0,2.0,3.0,1.0,2.0,2.0,2.0,2.0,2.0,4.0,1.0,1.0,2.0,2.0,2.0,3.0,2.0,2.0,1.0,3.0,2.0,2.0,0.0,0.0,31.0,46.0,0
62,2.0,3.0,0.0,4.0,0.0,3.0,0.0,4.0,0.0,3.0,2.0,2.0,3.0,1.0,2.0,0.0,3.0,1.0,1.0,1.0,3.0,3.0,2.0,2.0,0.0,3.0,1.0,3.0,1.0,1.0,3.0,1.0,4.0,2.0,4.0,4.0,4.0,3.0,2.0,,1.0,1.0,0.0,2.0,0.0,2.0,1.0,2.0,2.0,1.0,44,Man,Gymnasium,Grupp B,,,,,,,,,,,,,,,,,,,,,,,,,,,,,,,,,,,,,,,,,,,,,,,,,,,18.0,46.0,0
63,3.0,1.0,2.0,2.0,3.0,2.0,3.0,2.0,4.0,1.0,1.0,2.0,2.0,2.0,2.0,3.0,2.0,2.0,3.0,3.0,,2.0,2.0,3.0,2.0,4.0,3.0,2.0,1.0,2.0,3.0,2.0,1.0,4.0,3.0,4.0,2.0,2.0,1.0,3.0,4.0,2.0,2.0,2.0,1.0,2.0,2.0,3.0,3.0,2.0,36,Kvinna,Högskola/Universitet,Grupp B,,,,,,,,,,,,,,,,,,,,,,,,,,,,,,,,,,,,,,,,,,,,,,,,,,,53.0,70.0,0
64,2.0,2.0,2.0,2.0,2.0,3.0,0.0,2.0,1.0,3.0,3.0,1.0,1.0,2.0,2.0,1.0,2.0,2.0,2.0,1.0,2.0,1.0,2.0,1.0,1.0,1.0,2.0,1.0,3.0,2.0,1.0,1.0,2.0,3.0,0.0,0.0,3.0,,1.0,1.0,3.0,3.0,3.0,2.0,2.0,0.0,1.0,2.0,2.0,3.0,49,Man,Gymnasium,Grupp C,,,,,,,,,,,,,,,,,,,,,,,,,,,,,,,,,,,,,,,,,,,,,,,,,,,44.0,21.0,0
65,1.0,2.0,1.0,2.0,2.0,3.0,1.0,2.0,1.0,4.0,2.0,0.0,2.0,2.0,4.0,2.0,4.0,0.0,1.0,2.0,2.0,2.0,2.0,2.0,1.0,2.0,0.0,3.0,2.0,1.0,2.0,2.0,3.0,2.0,1.0,1.0,1.0,3.0,2.0,2.0,3.0,2.0,2.0,1.0,2.0,2.0,2.0,1.0,3.0,2.0,46,Kvinna,Gymnasium,Grupp B,,,,,,,,,,,,,,,,,,,,,,,,,,,,,,,,,,,,,,,,,,,,,,,,,,,56.0,72.0,1
66,2.0,3.0,0.0,3.0,1.0,3.0,2.0,4.0,0.0,1.0,1.0,1.0,3.0,1.0,2.0,0.0,4.0,1.0,2.0,2.0,3.0,4.0,3.0,1.0,1.0,3.0,2.0,2.0,3.0,2.0,3.0,2.0,2.0,3.0,1.0,3.0,2.0,2.0,2.0,2.0,3.0,1.0,3.0,1.0,2.0,1.0,3.0,1.0,4.0,4.0,45,Kvinna,Grundskola,Grupp A,,,,,,,,,,,,,,,,,,,,,,,,,,,,,,,,,,,,,,,,,,,,,,,,,,,36.0,25.0,0
67,3.0,1.0,2.0,2.0,2.0,2.0,1.0,2.0,3.0,2.0,0.0,4.0,0.0,3.0,0.0,3.0,0.0,4.0,3.0,4.0,2.0,2.0,2.0,0.0,1.0,1.0,2.0,1.0,2.0,1.0,3.0,1.0,2.0,2.0,2.0,3.0,3.0,1.0,2.0,3.0,2.0,4.0,2.0,1.0,3.0,2.0,2.0,2.0,3.0,3.0,29,Kvinna,Högskola/Universitet,Grupp A,,,,,,,,,,,,,,,,,,,,,,,,,,,,,,,,,,,,,,,,,,,,,,,,,,,60.0,46.0,0
68,2.0,3.0,1.0,2.0,3.0,2.0,2.0,1.0,3.0,2.0,1.0,2.0,2.0,2.0,4.0,2.0,3.0,2.0,3.0,0.0,3.0,3.0,4.0,2.0,3.0,2.0,2.0,1.0,2.0,2.0,3.0,1.0,4.0,1.0,2.0,2.0,4.0,4.0,3.0,4.0,0.0,3.0,2.0,4.0,2.0,3.0,0.0,0.0,3.0,1.0,33,Man,Gymnasium,Grupp A,,,,,,,,,,,,,,,,,,,,,,,,,,,,,,,,,,,,,,,,,,,,,,,,,,,70.0,65.0,1
69,4.0,0.0,2.0,1.0,2.0,1.0,3.0,1.0,3.0,0.0,2.0,2.0,3.0,1.0,1.0,2.0,2.0,1.0,2.0,1.0,1.0,2.0,1.0,2.0,1.0,2.0,1.0,3.0,2.0,2.0,2.0,2.0,,2.0,2.0,3.0,3.0,4.0,2.0,3.0,3.0,2.0,4.0,1.0,3.0,2.0,4.0,3.0,2.0,4.0,25,Kvinna,Gymnasium,Grupp A,,,,,,,,,,,,,,,,,,,,,,,,,,,,,,,,,,,,,,,,,,,,,,,,,,,65.0,49.0,1
70,1.0,2.0,2.0,2.0,2.0,4.0,2.0,3.0,0.0,4.0,1.0,2.0,1.0,0.0,3.0,1.0,3.0,,2.0,2.0,2.0,3.0,3.0,2.0,1.0,3.0,1.0,3.0,1.0,1.0,2.0,2.0,1.0,3.0,2.0,0.0,2.0,1.0,2.0,1.0,3.0,1.0,3.0,2.0,2.0,3.0,2.0,3.0,3.0,2.0,28,Kvinna,Gymnasium,Grupp C,0.0,3.0,0.0,4.0,1.0,3.0,0.0,3.0,1.0,3.0,2.0,2.0,2.0,4.0,1.0,2.0,1.0,2.0,2.0,2.0,3.0,2.0,1.0,1.0,1.0,2.0,3.0,2.0,2.0,2.0,1.0,2.0,2.0,4.0,0.0,2.0,0.0,1.0,2.0,2.0,3.0,1.0,3.0,0.0,2.0,0.0,3.0,3.0,2.0,4.0,40.0,48.0,0
71,,2.0,2.0,2.0,4.0,0.0,3.0,2.0,4.0,0.0,3.0,2.0,3.0,2.0,4.0,2.0,1.0,0.0,2.0,0.0,2.0,0.0,3.0,1.0,3.0,0.0,4.0,1.0,4.0,2.0,2.0,1.0,2.0,0.0,2.0,3.0,2.0,2.0,2.0,2.0,2.0,3.0,2.0,2.0,0.0,2.0,2.0,1.0,4.0,1.0,60,Kvinna,Högskola/Universitet,Grupp C,,,,,,,,,,,,,,,,,,,,,,,,,,,,,,,,,,,,,,,,,,,,,,,,,,,32.0,58.0,1
72,2.0,0.0,3.0,0.0,3.0,2.0,3.0,2.0,2.0,2.0,3.0,2.0,2.0,2.0,2.0,2.0,2.0,3.0,2.0,2.0,2.0,2.0,2.0,2.0,3.0,2.0,2.0,2.0,3.0,1.0,2.0,2.0,4.0,1.0,2.0,2.0,3.0,3.0,3.0,2.0,3.0,3.0,2.0,3.0,2.0,4.0,2.0,2.0,2.0,3.0,43,Man,Högskola/Universitet,Grupp A,,,,,,,,,,,,,,,,,,,,,,,,,,,,,,,,,,,,,,,,,,,,,,,,,,,56.0,68.0,1
73,0.0,4.0,3.0,3.0,2.0,3.0,0.0,3.0,0.0,3.0,2.0,2.0,3.0,2.0,2.0,2.0,2.0,2.0,0.0,3.0,0.0,2.0,2.0,2.0,2.0,4.0,1.0,3.0,2.0,1.0,2.0,2.0,2.0,2.0,2.0,0.0,2.0,2.0,0.0,2.0,1.0,2.0,2.0,1.0,4.0,2.0,3.0,2.0,2.0,3.0,52,Kvinna,Högskola/Universitet,Grupp C,,,,,,,,,,,,,,,,,,,,,,,,,,,,,,,,,,,,,,,,,,,,,,,,,,,41.0,39.0,0
74,2.0,2.0,3.0,2.0,1.0,3.0,1.0,1.0,1.0,2.0,3.0,1.0,3.0,2.0,2.0,0.0,2.0,3.0,1.0,0.0,0.0,4.0,2.0,2.0,1.0,4.0,1.0,3.0,1.0,1.0,3.0,2.0,2.0,1.0,2.0,1.0,3.0,2.0,2.0,1.0,4.0,0.0,4.0,1.0,4.0,2.0,3.0,4.0,4.0,4.0,37,Kvinna,Grundskola,Grupp A,,,,,,,,,,,,,,,,,,,,,,,,,,,,,,,,,,,,,,,,,,,,,,,,,,,33.0,34.0,0
75,2.0,2.0,1.0,3.0,1.0,4.0,2.0,3.0,0.0,3.0,3.0,2.0,1.0,2.0,2.0,2.0,2.0,3.0,2.0,3.0,3.0,1.0,2.0,1.0,1.0,2.0,3.0,2.0,1.0,2.0,3.0,3.0,0.0,0.0,1.0,2.0,3.0,4.0,4.0,3.0,1.0,3.0,1.0,2.0,0.0,4.0,3.0,3.0,1.0,1.0,25,Kvinna,Högskola/Universitet,Grupp C,1.0,2.0,2.0,3.0,2.0,2.0,2.0,3.0,1.0,3.0,1.0,3.0,0.0,2.0,2.0,2.0,0.0,3.0,2.0,4.0,1.0,3.0,2.0,3.0,1.0,2.0,2.0,3.0,1.0,0.0,4.0,3.0,4.0,2.0,2.0,2.0,1.0,2.0,1.0,2.0,2.0,3.0,2.0,3.0,0.0,2.0,2.0,2.0,1.0,2.0,36.0,54.0,0
76,3.0,0.0,2.0,0.0,4.0,2.0,3.0,2.0,2.0,2.0,0.0,3.0,0.0,3.0,0.0,3.0,2.0,4.0,2.0,3.0,4.0,0.0,3.0,1.0,3.0,0.0,4.0,3.0,3.0,1.0,2.0,2.0,1.0,2.0,0.0,0.0,2.0,2.0,1.0,2.0,1.0,3.0,2.0,2.0,2.0,3.0,0.0,0.0,0.0,1.0,18,Man,Gymnasium,Grupp B,4.0,0.0,4.0,0.0,4.0,1.0,4.0,0.0,4.0,0.0,2.0,3.0,2.0,4.0,1.0,2.0,0.0,4.0,4.0,2.0,2.0,2.0,3.0,1.0,2.0,3.0,2.0,0.0,3.0,4.0,3.0,3.0,3.0,1.0,2.0,2.0,2.0,2.0,1.0,2.0,0.0,3.0,2.0,3.0,1.0,3.0,3.0,1.0,1.0,1.0,38.0,64.0,1
77,4.0,1.0,3.0,0.0,2.0,0.0,4.0,3.0,4.0,1.0,2.0,2.0,2.0,2.0,2.0,1.0,3.0,3.0,2.0,2.0,3.0,3.0,2.0,1.0,0.0,1.0,4.0,1.0,2.0,0.0,0.0,3.0,1.0,2.0,0.0,0.0,1.0,0.0,0.0,1.0,,2.0,2.0,2.0,2.0,2.0,3.0,3.0,4.0,1.0,45,Kvinna,Gymnasium,Grupp B,3.0,0.0,4.0,0.0,4.0,1.0,4.0,0.0,3.0,0.0,3.0,2.0,3.0,1.0,0.0,0.0,2.0,1.0,1.0,1.0,3.0,2.0,2.0,0.0,2.0,0.0,3.0,2.0,2.0,1.0,2.0,2.0,2.0,4.0,1.0,0.0,1.0,2.0,1.0,1.0,2.0,2.0,2.0,2.0,2.0,2.0,1.0,3.0,1.0,0.0,59.0,33.0,1
78,2.0,3.0,2.0,2.0,1.0,3.0,1.0,2.0,2.0,2.0,1.0,4.0,2.0,2.0,1.0,2.0,2.0,3.0,3.0,2.0,1.0,3.0,1.0,4.0,1.0,4.0,0.0,3.0,0.0,2.0,2.0,3.0,2.0,2.0,3.0,4.0,2.0,2.0,1.0,3.0,1.0,2.0,2.0,2.0,2.0,3.0,2.0,2.0,2.0,2.0,34,Kvinna,Gymnasium,Grupp A,2.0,3.0,2.0,4.0,0.0,3.0,1.0,2.0,1.0,3.0,4.0,2.0,1.0,1.0,3.0,3.0,2.0,2.0,2.0,2.0,2.0,2.0,1.0,2.0,2.0,1.0,1.0,2.0,1.0,2.0,1.0,3.0,0.0,2.0,0.0,2.0,1.0,2.0,2.0,2.0,2.0,3.0,3.0,3.0,1.0,3.0,2.0,2.0,0.0,0.0,46.0,52.0,1
79,2.0,2.0,2.0,3.0,2.0,3.0,3.0,3.0,2.0,3.0,2.0,2.0,2.0,2.0,2.0,2.0,2.0,2.0,2.0,1.0,2.0,2.0,2.0,3.0,0.0,2.0,0.0,2.0,0.0,2.0,3.0,3.0,3.0,0.0,4.0,3.0,2.0,2.0,3.0,1.0,2.0,2.0,3.0,2.0,3.0,1.0,2.0,2.0,3.0,1.0,38,Kvinna,Högskola/Universitet,Grupp A,,,,,,,,,,,,,,,,,,,,,,,,,,,,,,,,,,,,,,,,,,,,,,,,,,,39.0,50.0,0
80,2.0,2.0,1.0,1.0,2.0,2.0,2.0,1.0,2.0,2.0,2.0,3.0,2.0,4.0,2.0,2.0,1.0,3.0,3.0,3.0,2.0,1.0,2.0,1.0,2.0,4.0,2.0,2.0,3.0,4.0,1.0,2.0,2.0,2.0,2.0,1.0,2.0,2.0,2.0,2.0,2.0,2.0,2.0,1.0,3.0,3.0,3.0,1.0,1.0,1.0,54,Kvinna,Högskola/Universitet,Grupp B,,,,,,,,,,,,,,,,,,,,,,,,,,,,,,,,,,,,,,,,,,,,,,,,,,,42.0,53.0,0
81,1.0,3.0,3.0,1.0,2.0,2.0,2.0,2.0,1.0,2.0,2.0,3.0,1.0,1.0,2.0,2.0,0.0,2.0,3.0,2.0,2.0,4.0,0.0,3.0,1.0,1.0,0.0,4.0,0.0,,2.0,2.0,3.0,2.0,1.0,2.0,3.0,2.0,1.0,3.0,1.0,2.0,2.0,4.0,2.0,3.0,0.0,1.0,1.0,1.0,36,Kvinna,Högskola/Universitet,Grupp B,,,,,,,,,,,,,,,,,,,,,,,,,,,,,,,,,,,,,,,,,,,,,,,,,,,42.0,76.0,0
82,3.0,1.0,4.0,0.0,3.0,1.0,3.0,0.0,4.0,1.0,0.0,,2.0,4.0,1.0,1.0,1.0,3.0,2.0,2.0,2.0,2.0,4.0,1.0,3.0,1.0,2.0,1.0,4.0,3.0,1.0,,2.0,3.0,2.0,3.0,2.0,2.0,2.0,1.0,2.0,2.0,2.0,1.0,4.0,3.0,3.0,3.0,1.0,2.0,46,Kvinna,Gymnasium,Grupp C,2.0,2.0,2.0,0.0,2.0,2.0,2.0,2.0,2.0,1.0,1.0,2.0,4.0,2.0,1.0,2.0,0.0,2.0,0.0,2.0,2.0,3.0,1.0,1.0,3.0,1.0,1.0,1.0,3.0,1.0,2.0,1.0,4.0,2.0,2.0,1.0,2.0,2.0,2.0,1.0,2.0,2.0,3.0,0.0,3.0,1.0,1.0,2.0,2.0,0.0,50.0,52.0,0
83,4.0,0.0,3.0,1.0,3.0,0.0,3.0,0.0,4.0,,3.0,2.0,3.0,1.0,2.0,2.0,2.0,2.0,1.0,1.0,3.0,3.0,2.0,3.0,1.0,2.0,3.0,2.0,2.0,1.0,2.0,1.0,2.0,2.0,2.0,0.0,2.0,2.0,2.0,2.0,2.0,3.0,2.0,1.0,2.0,0.0,2.0,1.0,0.0,3.0,18,Kvinna,Högskola/Universitet,Grupp B,,,,,,,,,,,,,,,,,,,,,,,,,,,,,,,,,,,,,,,,,,,,,,,,,,,36.0,32.0,0
84,0.0,2.0,0.0,4.0,0.0,4.0,1.0,3.0,2.0,3.0,2.0,2.0,0.0,2.0,3.0,3.0,1.0,2.0,0.0,3.0,1.0,4.0,0.0,4.0,1.0,3.0,0.0,4.0,1.0,2.0,2.0,3.0,0.0,4.0,1.0,0.0,1.0,1.0,0.0,1.0,1.0,4.0,1.0,3.0,0.0,4.0,0.0,2.0,1.0,0.0,18,Kvinna,Högskola/Universitet,Grupp B,1.0,4.0,1.0,3.0,2.0,4.0,0.0,2.0,1.0,3.0,2.0,2.0,0.0,2.0,2.0,0.0,1.0,1.0,3.0,3.0,1.0,2.0,0.0,4.0,2.0,4.0,1.0,3.0,3.0,0.0,1.0,3.0,2.0,2.0,1.0,2.0,3.0,2.0,3.0,3.0,1.0,3.0,0.0,3.0,1.0,4.0,1.0,0.0,0.0,1.0,45.0,54.0,0
85,1.0,2.0,1.0,4.0,1.0,2.0,2.0,4.0,1.0,3.0,3.0,3.0,2.0,4.0,1.0,2.0,1.0,1.0,3.0,4.0,1.0,4.0,0.0,3.0,2.0,1.0,1.0,2.0,1.0,2.0,1.0,2.0,1.0,2.0,0.0,0.0,0.0,0.0,1.0,2.0,1.0,2.0,2.0,2.0,3.0,3.0,3.0,2.0,2.0,3.0,36,Kvinna,Gymnasium,Grupp B,,,,,,,,,,,,,,,,,,,,,,,,,,,,,,,,,,,,,,,,,,,,,,,,,,,56.0,59.0,0
86,3.0,2.0,1.0,3.0,3.0,2.0,2.0,2.0,3.0,1.0,3.0,3.0,0.0,2.0,1.0,2.0,0.0,3.0,2.0,2.0,4.0,2.0,4.0,0.0,2.0,2.0,2.0,2.0,2.0,2.0,2.0,2.0,3.0,1.0,2.0,1.0,2.0,2.0,1.0,1.0,2.0,3.0,2.0,1.0,1.0,2.0,1.0,2.0,1.0,1.0,40,Kvinna,Grundskola,Grupp A,,,,,,,,,,,,,,,,,,,,,,,,,,,,,,,,,,,,,,,,,,,,,,,,,,,60.0,74.0,0
87,3.0,3.0,1.0,2.0,3.0,2.0,3.0,3.0,1.0,2.0,2.0,2.0,2.0,3.0,4.0,2.0,3.0,2.0,0.0,2.0,2.0,1.0,3.0,1.0,2.0,1.0,2.0,1.0,2.0,4.0,2.0,1.0,4.0,2.0,2.0,3.0,2.0,2.0,3.0,2.0,0.0,3.0,2.0,4.0,0.0,2.0,2.0,1.0,0.0,2.0,18,Kvinna,Gymnasium,Grupp B,,,,,,,,,,,,,,,,,,,,,,,,,,,,,,,,,,,,,,,,,,,,,,,,,,,60.0,60.0,0
88,3.0,4.0,2.0,2.0,1.0,2.0,2.0,2.0,1.0,2.0,2.0,2.0,1.0,2.0,2.0,2.0,3.0,2.0,1.0,0.0,0.0,4.0,2.0,4.0,2.0,3.0,1.0,3.0,0.0,1.0,1.0,2.0,2.0,2.0,1.0,2.0,1.0,2.0,2.0,2.0,3.0,1.0,1.0,2.0,2.0,3.0,4.0,4.0,2.0,0.0,46,Man,Högskola/Universitet,Grupp C,2.0,1.0,2.0,3.0,0.0,4.0,2.0,2.0,1.0,3.0,2.0,2.0,3.0,1.0,3.0,3.0,1.0,1.0,2.0,2.0,2.0,2.0,0.0,3.0,1.0,3.0,2.0,3.0,1.0,1.0,2.0,1.0,2.0,1.0,2.0,3.0,2.0,3.0,2.0,1.0,4.0,1.0,4.0,0.0,2.0,0.0,3.0,4.0,4.0,3.0,38.0,60.0,0
89,2.0,2.0,2.0,2.0,1.0,3.0,2.0,2.0,0.0,3.0,2.0,2.0,2.0,2.0,2.0,3.0,2.0,1.0,2.0,3.0,4.0,1.0,3.0,1.0,3.0,1.0,3.0,1.0,4.0,3.0,4.0,2.0,4.0,1.0,4.0,4.0,4.0,3.0,4.0,3.0,0.0,3.0,0.0,2.0,2.0,2.0,0.0,1.0,2.0,0.0,44,Man,Gymnasium,Grupp A,3.0,2.0,3.0,2.0,2.0,4.0,2.0,0.0,3.0,1.0,1.0,1.0,2.0,2.0,1.0,2.0,0.0,1.0,3.0,2.0,2.0,2.0,3.0,2.0,3.0,1.0,3.0,2.0,3.0,2.0,4.0,0.0,4.0,0.0,4.0,4.0,3.0,3.0,4.0,4.0,2.0,3.0,1.0,4.0,2.0,3.0,2.0,1.0,1.0,2.0,25.0,70.0,0
90,2.0,2.0,2.0,2.0,1.0,2.0,3.0,1.0,2.0,2.0,2.0,2.0,2.0,1.0,2.0,2.0,3.0,2.0,3.0,3.0,4.0,0.0,4.0,2.0,2.0,2.0,2.0,3.0,2.0,1.0,1.0,3.0,2.0,2.0,2.0,2.0,1.0,2.0,1.0,0.0,1.0,3.0,0.0,2.0,0.0,2.0,3.0,1.0,1.0,1.0,38,Man,Gymnasium,Grupp C,,,,,,,,,,,,,,,,,,,,,,,,,,,,,,,,,,,,,,,,,,,,,,,,,,,63.0,36.0,1
91,2.0,1.0,2.0,2.0,3.0,0.0,2.0,2.0,4.0,2.0,1.0,2.0,1.0,0.0,0.0,2.0,3.0,2.0,2.0,2.0,2.0,2.0,2.0,0.0,2.0,2.0,1.0,,2.0,3.0,3.0,0.0,4.0,1.0,3.0,3.0,2.0,2.0,3.0,3.0,2.0,3.0,1.0,2.0,2.0,3.0,3.0,0.0,2.0,2.0,55,Man,Högskola/Universitet,Grupp A,,,,,,,,,,,,,,,,,,,,,,,,,,,,,,,,,,,,,,,,,,,,,,,,,,,37.0,55.0,0
92,2.0,2.0,4.0,1.0,2.0,1.0,3.0,2.0,3.0,1.0,2.0,3.0,2.0,3.0,2.0,4.0,1.0,2.0,3.0,4.0,4.0,2.0,3.0,1.0,2.0,3.0,2.0,1.0,3.0,3.0,1.0,2.0,2.0,3.0,2.0,2.0,2.0,2.0,2.0,3.0,2.0,3.0,2.0,1.0,2.0,2.0,2.0,2.0,2.0,1.0,39,Kvinna,Grundskola,Grupp A,,,,,,,,,,,,,,,,,,,,,,,,,,,,,,,,,,,,,,,,,,,,,,,,,,,60.0,52.0,1
93,2.0,2.0,1.0,2.0,2.0,2.0,2.0,2.0,1.0,3.0,4.0,1.0,2.0,2.0,3.0,1.0,1.0,2.0,2.0,1.0,1.0,2.0,1.0,1.0,0.0,1.0,1.0,2.0,3.0,2.0,4.0,3.0,3.0,2.0,4.0,3.0,4.0,3.0,2.0,3.0,2.0,2.0,2.0,2.0,3.0,3.0,1.0,2.0,1.0,2.0,20,Man,Högskola/Universitet,Grupp B,1.0,4.0,2.0,3.0,2.0,1.0,2.0,4.0,2.0,2.0,4.0,0.0,4.0,1.0,4.0,2.0,4.0,1.0,2.0,1.0,2.0,2.0,2.0,2.0,3.0,2.0,3.0,3.0,1.0,3.0,3.0,2.0,3.0,2.0,2.0,4.0,2.0,4.0,2.0,4.0,2.0,3.0,3.0,4.0,0.0,3.0,1.0,1.0,2.0,1.0,38.0,71.0,0
94,1.0,4.0,1.0,3.0,1.0,4.0,1.0,2.0,1.0,2.0,2.0,3.0,1.0,4.0,2.0,3.0,,2.0,3.0,3.0,2.0,1.0,2.0,3.0,2.0,2.0,2.0,3.0,3.0,2.0,2.0,3.0,3.0,3.0,3.0,3.0,2.0,2.0,,2.0,3.0,2.0,2.0,1.0,1.0,2.0,0.0,2.0,2.0,3.0,44,Man,Högskola/Universitet,Grupp B,,,,,,,,,,,,,,,,,,,,,,,,,,,,,,,,,,,,,,,,,,,,,,,,,,,41.0,52.0,0
95,2.0,0.0,4.0,1.0,3.0,2.0,4.0,0.0,4.0,1.0,2.0,2.0,2.0,1.0,4.0,3.0,3.0,1.0,0.0,1.0,2.0,3.0,1.0,2.0,1.0,4.0,0.0,4.0,1.0,1.0,2.0,2.0,2.0,1.0,2.0,1.0,2.0,2.0,1.0,1.0,3.0,1.0,2.0,0.0,3.0,1.0,3.0,4.0,3.0,3.0,41,Kvinna,Gymnasium,Grupp A,,,,,,,,,,,,,,,,,,,,,,,,,,,,,,,,,,,,,,,,,,,,,,,,,,,60.0,45.0,1
96,1.0,2.0,2.0,3.0,1.0,3.0,1.0,3.0,2.0,3.0,1.0,4.0,1.0,4.0,0.0,3.0,3.0,3.0,4.0,3.0,2.0,2.0,0.0,3.0,2.0,3.0,1.0,4.0,2.0,0.0,3.0,3.0,1.0,1.0,2.0,,1.0,1.0,2.0,2.0,2.0,3.0,2.0,3.0,2.0,1.0,2.0,2.0,2.0,2.0,66,Kvinna,Högskola/Universitet,Grupp A,,,,,,,,,,,,,,,,,,,,,,,,,,,,,,,,,,,,,,,,,,,,,,,,,,,53.0,61.0,0
97,3.0,1.0,4.0,0.0,3.0,0.0,4.0,1.0,4.0,0.0,2.0,3.0,2.0,1.0,2.0,3.0,2.0,3.0,3.0,1.0,4.0,0.0,3.0,1.0,3.0,0.0,3.0,1.0,4.0,4.0,3.0,1.0,0.0,2.0,1.0,2.0,1.0,2.0,1.0,3.0,2.0,2.0,1.0,2.0,,2.0,1.0,2.0,2.0,1.0,20,Kvinna,Högskola/Universitet,Grupp B,,,,,,,,,,,,,,,,,,,,,,,,,,,,,,,,,,,,,,,,,,,,,,,,,,,71.0,40.0,1
98,3.0,2.0,3.0,4.0,2.0,1.0,3.0,1.0,3.0,2.0,2.0,2.0,1.0,3.0,2.0,3.0,2.0,2.0,2.0,2.0,2.0,2.0,1.0,2.0,3.0,2.0,2.0,2.0,3.0,3.0,2.0,4.0,2.0,2.0,1.0,2.0,1.0,2.0,2.0,3.0,3.0,2.0,4.0,3.0,2.0,2.0,2.0,2.0,0.0,0.0,62,Kvinna,Högskola/Universitet,Grupp B,,,,,,,,,,,,,,,,,,,,,,,,,,,,,,,,,,,,,,,,,,,,,,,,,,,64.0,71.0,0
99,2.0,2.0,4.0,2.0,2.0,1.0,2.0,2.0,3.0,1.0,2.0,0.0,3.0,4.0,3.0,3.0,2.0,2.0,2.0,2.0,0.0,4.0,0.0,4.0,0.0,3.0,1.0,3.0,0.0,1.0,1.0,4.0,1.0,2.0,2.0,2.0,1.0,0.0,1.0,2.0,2.0,3.0,1.0,1.0,1.0,4.0,2.0,1.0,1.0,2.0,34,Kvinna,Högskola/Universitet,Grupp B,,,,,,,,,,,,,,,,,,,,,,,,,,,,,,,,,,,,,,,,,,,,,,,,,,,70.0,34.0,1
100,2.0,2.0,1.0,,2.0,2.0,2.0,2.0,1.0,3.0,1.0,1.0,2.0,3.0,1.0,2.0,2.0,3.0,2.0,3.0,1.0,1.0,2.0,2.0,2.0,2.0,0.0,4.0,2.0,2.0,4.0,1.0,3.0,0.0,3.0,4.0,3.0,4.0,4.0,2.0,1.0,2.0,2.0,1.0,1.0,2.0,1.0,2.0,1.0,2.0,51,Man,Högskola/Universitet,Grupp C,,,,,,,,,,,,,,,,,,,,,,,,,,,,,,,,,,,,,,,,,,,,,,,,,,,54.0,56.0,0
101,,3.0,0.0,4.0,0.0,4.0,0.0,4.0,0.0,4.0,4.0,0.0,4.0,1.0,4.0,3.0,4.0,0.0,1.0,1.0,1.0,3.0,2.0,3.0,3.0,1.0,3.0,2.0,2.0,2.0,3.0,1.0,2.0,2.0,3.0,1.0,4.0,3.0,3.0,2.0,1.0,2.0,2.0,3.0,2.0,1.0,1.0,1.0,3.0,2.0,37,Kvinna,Gymnasium,Grupp B,,,,,,,,,,,,,,,,,,,,,,,,,,,,,,,,,,,,,,,,,,,,,,,,,,,53.0,33.0,0
102,1.0,4.0,2.0,2.0,1.0,2.0,2.0,3.0,1.0,3.0,1.0,4.0,2.0,2.0,2.0,2.0,2.0,0.0,3.0,1.0,0.0,4.0,2.0,4.0,1.0,4.0,1.0,4.0,0.0,2.0,3.0,0.0,3.0,0.0,4.0,3.0,4.0,4.0,4.0,4.0,3.0,0.0,3.0,1.0,3.0,2.0,3.0,3.0,2.0,3.0,25,Man,Högskola/Universitet,Grupp C,0.0,2.0,2.0,3.0,1.0,2.0,2.0,3.0,2.0,4.0,2.0,2.0,2.0,2.0,4.0,2.0,2.0,2.0,3.0,2.0,2.0,2.0,2.0,4.0,2.0,2.0,0.0,3.0,1.0,0.0,4.0,0.0,4.0,1.0,4.0,4.0,3.0,4.0,4.0,3.0,3.0,2.0,1.0,2.0,1.0,4.0,2.0,2.0,3.0,3.0,48.0,45.0,0
103,2.0,4.0,2.0,3.0,1.0,3.0,2.0,2.0,1.0,2.0,2.0,2.0,3.0,2.0,3.0,3.0,2.0,3.0,3.0,3.0,2.0,3.0,1.0,2.0,3.0,2.0,1.0,2.0,2.0,3.0,2.0,1.0,3.0,1.0,2.0,2.0,2.0,2.0,3.0,2.0,3.0,2.0,0.0,2.0,2.0,3.0,2.0,,2.0,1.0,62,Man,Högskola/Universitet,Grupp C,,,,,,,,,,,,,,,,,,,,,,,,,,,,,,,,,,,,,,,,,,,,,,,,,,,40.0,72.0,0
104,2.0,0.0,2.0,1.0,2.0,1.0,2.0,2.0,,3.0,4.0,0.0,1.0,1.0,3.0,2.0,3.0,1.0,3.0,3.0,3.0,2.0,3.0,0.0,2.0,1.0,3.0,1.0,2.0,2.0,4.0,1.0,2.0,2.0,2.0,2.0,2.0,4.0,2.0,2.0,2.0,1.0,,1.0,1.0,2.0,1.0,2.0,2.0,1.0,43,Kvinna,Grundskola,Grupp A,,,,,,,,,,,,,,,,,,,,,,,,,,,,,,,,,,,,,,,,,,,,,,,,,,,50.0,43.0,1
105,1.0,2.0,1.0,1.0,1.0,2.0,2.0,4.0,2.0,2.0,0.0,2.0,2.0,2.0,1.0,1.0,0.0,3.0,3.0,3.0,2.0,0.0,4.0,0.0,2.0,1.0,3.0,3.0,2.0,2.0,1.0,2.0,2.0,4.0,0.0,0.0,0.0,1.0,1.0,1.0,4.0,2.0,4.0,1.0,3.0,2.0,3.0,4.0,2.0,1.0,62,Kvinna,Högskola/Universitet,Grupp C,,,,,,,,,,,,,,,,,,,,,,,,,,,,,,,,,,,,,,,,,,,,,,,,,,,64.0,51.0,0
106,1.0,1.0,0.0,2.0,1.0,2.0,3.0,2.0,1.0,3.0,3.0,0.0,3.0,2.0,3.0,0.0,3.0,2.0,2.0,2.0,2.0,1.0,2.0,2.0,2.0,,3.0,3.0,1.0,1.0,3.0,1.0,3.0,0.0,2.0,4.0,3.0,4.0,4.0,3.0,3.0,2.0,1.0,2.0,2.0,1.0,1.0,1.0,2.0,1.0,57,Kvinna,Gymnasium,Grupp B,,,,,,,,,,,,,,,,,,,,,,,,,,,,,,,,,,,,,,,,,,,,,,,,,,,64.0,31.0,1
107,2.0,0.0,2.0,1.0,2.0,2.0,3.0,1.0,3.0,2.0,2.0,2.0,2.0,4.0,2.0,1.0,1.0,2.0,1.0,2.0,2.0,3.0,2.0,3.0,2.0,2.0,2.0,2.0,2.0,2.0,0.0,2.0,1.0,4.0,2.0,1.0,1.0,0.0,2.0,2.0,0.0,2.0,0.0,3.0,,4.0,2.0,0.0,1.0,1.0,41,Man,Grundskola,Grupp A,3.0,2.0,3.0,2.0,2.0,3.0,2.0,3.0,3.0,2.0,2.0,2.0,3.0,3.0,2.0,2.0,2.0,4.0,1.0,3.0,3.0,2.0,2.0,2.0,4.0,2.0,2.0,1.0,2.0,1.0,2.0,3.0,1.0,3.0,2.0,1.0,1.0,0.0,0.0,0.0,0.0,3.0,0.0,3.0,3.0,2.0,2.0,0.0,1.0,0.0,65.0,74.0,1
108,2.0,2.0,2.0,2.0,1.0,2.0,3.0,2.0,3.0,2.0,3.0,1.0,3.0,1.0,3.0,1.0,3.0,3.0,2.0,2.0,1.0,3.0,2.0,3.0,3.0,3.0,1.0,3.0,1.0,2.0,4.0,2.0,2.0,2.0,4.0,2.0,3.0,3.0,3.0,4.0,0.0,3.0,2.0,3.0,0.0,2.0,3.0,0.0,2.0,1.0,31,Kvinna,Högskola/Universitet,Grupp B,,,,,,,,,,,,,,,,,,,,,,,,,,,,,,,,,,,,,,,,,,,,,,,,,,,52.0,59.0,0
109,1.0,4.0,1.0,3.0,1.0,4.0,1.0,3.0,1.0,3.0,3.0,2.0,2.0,0.0,3.0,1.0,2.0,1.0,1.0,1.0,1.0,2.0,1.0,2.0,4.0,3.0,2.0,1.0,2.0,2.0,3.0,2.0,4.0,1.0,4.0,2.0,4.0,4.0,4.0,3.0,0.0,4.0,0.0,3.0,0.0,4.0,0.0,0.0,0.0,,27,Kvinna,Grundskola,Grupp B,,,,,,,,,,,,,,,,,,,,,,,,,,,,,,,,,,,,,,,,,,,,,,,,,,,31.0,73.0,0
110,2.0,3.0,2.0,3.0,1.0,4.0,1.0,3.0,2.0,2.0,2.0,2.0,2.0,3.0,2.0,3.0,3.0,1.0,2.0,2.0,4.0,0.0,2.0,2.0,0.0,2.0,2.0,1.0,3.0,2.0,1.0,3.0,0.0,2.0,2.0,0.0,1.0,2.0,2.0,2.0,2.0,4.0,1.0,3.0,0.0,1.0,0.0,1.0,1.0,2.0,35,Kvinna,Gymnasium,Grupp A,,,,,,,,,,,,,,,,,,,,,,,,,,,,,,,,,,,,,,,,,,,,,,,,,,,35.0,72.0,0
111,2.0,2.0,3.0,2.0,4.0,2.0,2.0,1.0,2.0,2.0,2.0,2.0,3.0,2.0,1.0,2.0,3.0,2.0,2.0,0.0,4.0,0.0,2.0,1.0,2.0,0.0,3.0,1.0,3.0,4.0,2.0,1.0,2.0,2.0,2.0,1.0,1.0,2.0,2.0,2.0,0.0,4.0,0.0,3.0,2.0,3.0,2.0,1.0,1.0,2.0,18,Kvinna,Gymnasium,Grupp A,2.0,1.0,3.0,1.0,3.0,3.0,2.0,0.0,4.0,1.0,2.0,2.0,2.0,2.0,0.0,2.0,1.0,2.0,1.0,1.0,4.0,1.0,3.0,2.0,4.0,0.0,3.0,2.0,3.0,2.0,1.0,2.0,2.0,1.0,1.0,0.0,0.0,2.0,2.0,0.0,0.0,2.0,0.0,4.0,2.0,3.0,0.0,0.0,0.0,0.0,52.0,56.0,1
112,3.0,1.0,3.0,1.0,2.0,2.0,4.0,2.0,3.0,0.0,2.0,0.0,4.0,2.0,2.0,1.0,2.0,4.0,2.0,1.0,3.0,2.0,2.0,1.0,3.0,3.0,1.0,1.0,4.0,2.0,2.0,2.0,2.0,2.0,4.0,2.0,4.0,4.0,2.0,3.0,2.0,1.0,2.0,2.0,3.0,3.0,2.0,1.0,2.0,1.0,43,Kvinna,Högskola/Universitet,Grupp B,,,,,,,,,,,,,,,,,,,,,,,,,,,,,,,,,,,,,,,,,,,,,,,,,,,72.0,55.0,1
113,2.0,3.0,2.0,3.0,2.0,2.0,0.0,3.0,0.0,3.0,2.0,1.0,3.0,2.0,3.0,3.0,3.0,2.0,3.0,1.0,1.0,2.0,1.0,3.0,1.0,3.0,1.0,2.0,0.0,1.0,3.0,3.0,1.0,1.0,2.0,4.0,2.0,2.0,2.0,2.0,2.0,2.0,1.0,2.0,2.0,2.0,1.0,1.0,1.0,0.0,41,Man,Grundskola,Grupp B,,,,,,,,,,,,,,,,,,,,,,,,,,,,,,,,,,,,,,,,,,,,,,,,,,,40.0,36.0,0
114,2.0,2.0,1.0,2.0,2.0,2.0,1.0,2.0,2.0,4.0,1.0,2.0,2.0,2.0,1.0,2.0,4.0,3.0,1.0,2.0,2.0,2.0,2.0,2.0,4.0,1.0,2.0,2.0,4.0,3.0,2.0,1.0,4.0,1.0,2.0,2.0,2.0,3.0,3.0,3.0,4.0,0.0,2.0,3.0,2.0,3.0,2.0,3.0,2.0,3.0,61,Man,Grundskola,Grupp C,,,,,,,,,,,,,,,,,,,,,,,,,,,,,,,,,,,,,,,,,,,,,,,,,,,50.0,58.0,1
115,4.0,3.0,3.0,0.0,4.0,2.0,3.0,0.0,2.0,2.0,2.0,2.0,3.0,0.0,4.0,4.0,3.0,0.0,1.0,1.0,1.0,2.0,2.0,2.0,2.0,1.0,2.0,2.0,3.0,2.0,2.0,3.0,1.0,2.0,2.0,2.0,3.0,2.0,1.0,3.0,4.0,1.0,4.0,0.0,4.0,,4.0,4.0,4.0,4.0,37,Kvinna,Högskola/Universitet,Grupp A,,,,,,,,,,,,,,,,,,,,,,,,,,,,,,,,,,,,,,,,,,,,,,,,,,,56.0,52.0,0
116,1.0,3.0,0.0,1.0,2.0,4.0,3.0,2.0,2.0,2.0,2.0,2.0,2.0,1.0,2.0,2.0,2.0,2.0,4.0,2.0,2.0,1.0,2.0,2.0,2.0,2.0,2.0,3.0,3.0,2.0,2.0,3.0,2.0,2.0,1.0,3.0,2.0,2.0,2.0,2.0,1.0,3.0,3.0,2.0,2.0,2.0,1.0,2.0,2.0,1.0,39,Kvinna,Högskola/Universitet,Grupp B,,,,,,,,,,,,,,,,,,,,,,,,,,,,,,,,,,,,,,,,,,,,,,,,,,,46.0,57.0,0
117,3.0,3.0,3.0,2.0,1.0,2.0,1.0,1.0,3.0,,3.0,3.0,2.0,2.0,4.0,2.0,2.0,1.0,0.0,2.0,3.0,4.0,2.0,1.0,2.0,2.0,2.0,1.0,2.0,2.0,2.0,0.0,3.0,0.0,3.0,4.0,4.0,3.0,4.0,3.0,3.0,1.0,3.0,2.0,2.0,2.0,2.0,1.0,1.0,1.0,45,Kvinna,Gymnasium,Grupp A,,,,,,,,,,,,,,,,,,,,,,,,,,,,,,,,,,,,,,,,,,,,,,,,,,,31.0,47.0,0
118,2.0,1.0,2.0,1.0,3.0,1.0,2.0,1.0,3.0,0.0,3.0,2.0,3.0,1.0,2.0,1.0,3.0,2.0,2.0,1.0,2.0,2.0,2.0,0.0,1.0,2.0,3.0,1.0,3.0,3.0,3.0,2.0,4.0,2.0,3.0,3.0,3.0,3.0,3.0,3.0,2.0,3.0,2.0,2.0,4.0,3.0,2.0,1.0,1.0,2.0,49,Man,Gymnasium,Grupp A,,,,,,,,,,,,,,,,,,,,,,,,,,,,,,,,,,,,,,,,,,,,,,,,,,,70.0,39.0,0
119,4.0,2.0,2.0,,2.0,0.0,3.0,2.0,4.0,2.0,2.0,3.0,0.0,4.0,0.0,2.0,2.0,3.0,3.0,3.0,1.0,2.0,2.0,4.0,1.0,3.0,1.0,4.0,1.0,3.0,2.0,2.0,1.0,4.0,1.0,0.0,2.0,2.0,2.0,2.0,4.0,2.0,3.0,2.0,3.0,0.0,2.0,1.0,4.0,2.0,45,Man,Grundskola,Grupp A,2.0,4.0,2.0,2.0,2.0,3.0,2.0,2.0,0.0,3.0,1.0,4.0,1.0,3.0,0.0,3.0,2.0,3.0,3.0,1.0,0.0,3.0,1.0,2.0,0.0,4.0,0.0,4.0,1.0,0.0,1.0,2.0,2.0,4.0,3.0,2.0,3.0,1.0,1.0,2.0,3.0,1.0,2.0,3.0,2.0,0.0,3.0,3.0,4.0,2.0,53.0,39.0,0
120,1.0,4.0,1.0,4.0,1.0,4.0,0.0,3.0,0.0,3.0,1.0,2.0,3.0,0.0,3.0,2.0,3.0,1.0,2.0,2.0,3.0,2.0,2.0,1.0,3.0,0.0,3.0,1.0,4.0,2.0,2.0,1.0,4.0,2.0,2.0,2.0,3.0,3.0,3.0,3.0,0.0,4.0,1.0,3.0,1.0,4.0,0.0,1.0,0.0,0.0,27,Kvinna,Gymnasium,Grupp B,1.0,2.0,1.0,3.0,1.0,4.0,2.0,3.0,1.0,4.0,2.0,3.0,1.0,3.0,2.0,2.0,3.0,1.0,1.0,2.0,2.0,1.0,3.0,2.0,3.0,2.0,3.0,1.0,2.0,1.0,2.0,2.0,3.0,1.0,2.0,2.0,2.0,1.0,2.0,2.0,0.0,4.0,0.0,3.0,1.0,3.0,0.0,1.0,2.0,0.0,20.0,46.0,0
121,3.0,1.0,4.0,1.0,4.0,1.0,3.0,1.0,2.0,2.0,4.0,0.0,3.0,0.0,3.0,2.0,3.0,1.0,0.0,1.0,2.0,2.0,1.0,2.0,2.0,3.0,0.0,2.0,0.0,1.0,2.0,2.0,2.0,1.0,2.0,0.0,2.0,2.0,2.0,0.0,1.0,2.0,0.0,3.0,0.0,3.0,2.0,1.0,0.0,2.0,42,Man,Gymnasium,Grupp A,,,,,,,,,,,,,,,,,,,,,,,,,,,,,,,,,,,,,,,,,,,,,,,,,,,51.0,59.0,0
122,2.0,2.0,2.0,1.0,2.0,1.0,1.0,2.0,2.0,2.0,2.0,1.0,3.0,2.0,3.0,0.0,1.0,2.0,2.0,1.0,1.0,1.0,2.0,3.0,2.0,2.0,3.0,1.0,3.0,3.0,2.0,1.0,3.0,3.0,,1.0,2.0,3.0,4.0,2.0,2.0,4.0,1.0,2.0,1.0,1.0,2.0,1.0,2.0,0.0,40,Kvinna,Högskola/Universitet,Grupp C,,,,,,,,,,,,,,,,,,,,,,,,,,,,,,,,,,,,,,,,,,,,,,,,,,,67.0,28.0,1
123,2.0,0.0,3.0,1.0,3.0,2.0,3.0,2.0,2.0,1.0,3.0,2.0,3.0,2.0,2.0,2.0,2.0,2.0,1.0,2.0,2.0,0.0,4.0,1.0,1.0,2.0,4.0,2.0,3.0,2.0,2.0,2.0,2.0,1.0,2.0,3.0,2.0,4.0,2.0,2.0,4.0,1.0,3.0,2.0,3.0,2.0,3.0,3.0,3.0,3.0,41,Man,Högskola/Universitet,Grupp B,3.0,1.0,4.0,3.0,3.0,2.0,3.0,1.0,4.0,2.0,2.0,1.0,4.0,2.0,3.0,2.0,3.0,2.0,2.0,2.0,2.0,1.0,3.0,2.0,2.0,0.0,3.0,0.0,2.0,3.0,3.0,1.0,2.0,3.0,3.0,3.0,4.0,2.0,2.0,4.0,4.0,1.0,2.0,1.0,4.0,0.0,2.0,4.0,2.0,3.0,76.0,43.0,1
124,2.0,3.0,4.0,2.0,3.0,1.0,3.0,2.0,3.0,2.0,2.0,2.0,2.0,3.0,1.0,3.0,2.0,2.0,2.0,2.0,1.0,2.0,3.0,1.0,4.0,1.0,1.0,2.0,2.0,1.0,4.0,2.0,4.0,1.0,4.0,3.0,4.0,3.0,4.0,4.0,1.0,4.0,2.0,2.0,1.0,2.0,2.0,1.0,2.0,3.0,44,Man,Gymnasium,Grupp A,,,,,,,,,,,,,,,,,,,,,,,,,,,,,,,,,,,,,,,,,,,,,,,,,,,55.0,28.0,1
125,3.0,2.0,3.0,,2.0,0.0,3.0,1.0,1.0,1.0,1.0,3.0,2.0,2.0,0.0,2.0,2.0,2.0,0.0,2.0,0.0,2.0,2.0,2.0,1.0,2.0,2.0,3.0,3.0,4.0,3.0,2.0,1.0,4.0,2.0,3.0,2.0,2.0,2.0,2.0,3.0,2.0,2.0,1.0,2.0,2.0,3.0,1.0,1.0,2.0,21,Kvinna,Högskola/Universitet,Grupp A,,,,,,,,,,,,,,,,,,,,,,,,,,,,,,,,,,,,,,,,,,,,,,,,,,,48.0,58.0,0
126,0.0,2.0,2.0,2.0,0.0,2.0,1.0,3.0,0.0,2.0,1.0,3.0,3.0,4.0,2.0,1.0,3.0,2.0,2.0,2.0,3.0,2.0,3.0,4.0,2.0,2.0,3.0,2.0,2.0,2.0,3.0,1.0,3.0,3.0,1.0,3.0,1.0,3.0,2.0,1.0,2.0,3.0,2.0,2.0,3.0,3.0,2.0,0.0,2.0,2.0,24,Man,Gymnasium,Grupp B,2.0,3.0,0.0,2.0,1.0,3.0,1.0,3.0,0.0,3.0,1.0,2.0,1.0,2.0,1.0,3.0,2.0,2.0,2.0,4.0,2.0,2.0,2.0,2.0,2.0,1.0,2.0,3.0,1.0,2.0,2.0,1.0,2.0,2.0,3.0,2.0,2.0,2.0,2.0,2.0,1.0,2.0,2.0,2.0,1.0,2.0,2.0,2.0,2.0,2.0,48.0,40.0,0
127,0.0,2.0,1.0,3.0,1.0,3.0,0.0,3.0,2.0,2.0,2.0,2.0,2.0,1.0,2.0,2.0,2.0,2.0,1.0,1.0,4.0,1.0,3.0,1.0,4.0,0.0,3.0,1.0,2.0,4.0,2.0,2.0,2.0,2.0,2.0,2.0,2.0,2.0,2.0,3.0,2.0,2.0,2.0,3.0,2.0,2.0,4.0,2.0,3.0,2.0,42,Kvinna,Gymnasium,Grupp B,,,,,,,,,,,,,,,,,,,,,,,,,,,,,,,,,,,,,,,,,,,,,,,,,,,21.0,62.0,0
128,1.0,2.0,4.0,2.0,3.0,3.0,3.0,2.0,2.0,2.0,4.0,1.0,4.0,0.0,4.0,0.0,4.0,1.0,1.0,2.0,4.0,1.0,3.0,1.0,1.0,0.0,2.0,2.0,2.0,2.0,4.0,0.0,3.0,0.0,4.0,4.0,4.0,4.0,4.0,2.0,1.0,3.0,0.0,4.0,2.0,1.0,2.0,0.0,3.0,0.0,44,Kvinna,Högskola/Universitet,Grupp A,,,,,,,,,,,,,,,,,,,,,,,,,,,,,,,,,,,,,,,,,,,,,,,,,,,46.0,64.0,0
129,1.0,2.0,2.0,2.0,2.0,1.0,2.0,4.0,2.0,2.0,1.0,3.0,1.0,2.0,2.0,2.0,1.0,2.0,3.0,3.0,4.0,3.0,2.0,2.0,4.0,2.0,2.0,4.0,1.0,2.0,0.0,3.0,0.0,2.0,1.0,1.0,0.0,,2.0,1.0,,2.0,2.0,2.0,2.0,3.0,2.0,2.0,1.0,2.0,52,Kvinna,Högskola/Universitet,Grupp A,,,,,,,,,,,,,,,,,,,,,,,,,,,,,,,,,,,,,,,,,,,,,,,,,,,45.0,70.0,1
130,2.0,2.0,2.0,2.0,2.0,2.0,1.0,3.0,3.0,1.0,2.0,0.0,3.0,0.0,1.0,2.0,3.0,1.0,0.0,1.0,2.0,0.0,4.0,1.0,4.0,2.0,3.0,1.0,4.0,3.0,4.0,1.0,4.0,0.0,4.0,2.0,4.0,4.0,4.0,4.0,2.0,2.0,1.0,2.0,2.0,2.0,1.0,0.0,2.0,2.0,24,Man,Gymnasium,Grupp B,,,,,,,,,,,,,,,,,,,,,,,,,,,,,,,,,,,,,,,,,,,,,,,,,,,54.0,46.0,0
131,4.0,0.0,3.0,0.0,4.0,2.0,2.0,2.0,3.0,0.0,4.0,2.0,3.0,1.0,2.0,2.0,2.0,1.0,2.0,2.0,1.0,3.0,2.0,3.0,0.0,,1.0,2.0,2.0,0.0,2.0,3.0,0.0,3.0,2.0,3.0,3.0,1.0,0.0,3.0,4.0,1.0,4.0,0.0,4.0,0.0,2.0,3.0,2.0,4.0,29,Kvinna,Grundskola,Grupp B,,,,,,,,,,,,,,,,,,,,,,,,,,,,,,,,,,,,,,,,,,,,,,,,,,,74.0,45.0,1
132,2.0,3.0,,2.0,3.0,1.0,2.0,3.0,3.0,2.0,2.0,2.0,2.0,1.0,2.0,2.0,2.0,3.0,3.0,1.0,1.0,1.0,2.0,4.0,0.0,3.0,2.0,3.0,1.0,2.0,3.0,2.0,1.0,2.0,2.0,1.0,,2.0,2.0,2.0,4.0,1.0,2.0,4.0,3.0,0.0,4.0,2.0,2.0,3.0,31,Kvinna,Grundskola,Grupp A,2.0,1.0,3.0,3.0,3.0,0.0,3.0,2.0,2.0,4.0,3.0,2.0,2.0,4.0,3.0,0.0,2.0,2.0,0.0,2.0,2.0,3.0,0.0,3.0,1.0,2.0,2.0,2.0,1.0,2.0,2.0,1.0,2.0,3.0,0.0,0.0,1.0,0.0,2.0,0.0,3.0,2.0,2.0,1.0,4.0,1.0,3.0,3.0,2.0,2.0,60.0,49.0,1
133,2.0,2.0,2.0,1.0,2.0,2.0,2.0,3.0,1.0,2.0,2.0,1.0,3.0,1.0,2.0,0.0,4.0,2.0,1.0,1.0,2.0,0.0,4.0,0.0,3.0,2.0,3.0,1.0,2.0,4.0,2.0,3.0,2.0,3.0,2.0,2.0,1.0,2.0,3.0,2.0,2.0,1.0,3.0,0.0,2.0,2.0,2.0,2.0,3.0,1.0,18,Man,Högskola/Universitet,Grupp B,,,,,,,,,,,,,,,,,,,,,,,,,,,,,,,,,,,,,,,,,,,,,,,,,,,69.0,59.0,0
134,1.0,2.0,3.0,1.0,3.0,2.0,2.0,1.0,2.0,2.0,2.0,1.0,3.0,2.0,3.0,2.0,1.0,1.0,2.0,1.0,4.0,0.0,3.0,1.0,3.0,0.0,2.0,1.0,3.0,2.0,1.0,2.0,2.0,1.0,2.0,4.0,2.0,,2.0,3.0,2.0,2.0,2.0,3.0,2.0,2.0,2.0,1.0,2.0,1.0,34,Kvinna,Högskola/Universitet,Grupp A,2.0,2.0,1.0,2.0,2.0,2.0,3.0,1.0,2.0,2.0,2.0,2.0,3.0,2.0,2.0,0.0,3.0,2.0,2.0,2.0,3.0,1.0,2.0,1.0,1.0,2.0,3.0,0.0,2.0,3.0,2.0,2.0,3.0,2.0,2.0,2.0,2.0,1.0,2.0,1.0,2.0,1.0,2.0,2.0,3.0,1.0,2.0,3.0,1.0,2.0,69.0,47.0,0
135,1.0,2.0,1.0,1.0,2.0,2.0,2.0,1.0,2.0,1.0,2.0,0.0,3.0,1.0,1.0,0.0,2.0,4.0,2.0,2.0,2.0,2.0,2.0,3.0,2.0,1.0,2.0,2.0,2.0,3.0,0.0,4.0,1.0,3.0,0.0,2.0,2.0,1.0,2.0,2.0,3.0,2.0,4.0,2.0,3.0,2.0,2.0,2.0,2.0,3.0,40,Man,Högskola/Universitet,Grupp A,,,,,,,,,,,,,,,,,,,,,,,,,,,,,,,,,,,,,,,,,,,,,,,,,,,45.0,33.0,1
136,2.0,4.0,4.0,3.0,0.0,3.0,1.0,3.0,0.0,2.0,1.0,4.0,0.0,4.0,2.0,2.0,0.0,2.0,3.0,2.0,2.0,0.0,3.0,0.0,3.0,1.0,3.0,1.0,4.0,3.0,0.0,4.0,3.0,3.0,1.0,2.0,1.0,2.0,2.0,2.0,3.0,2.0,3.0,1.0,3.0,0.0,4.0,3.0,2.0,3.0,52,Kvinna,Gymnasium,Grupp B,,,,,,,,,,,,,,,,,,,,,,,,,,,,,,,,,,,,,,,,,,,,,,,,,,,49.0,44.0,0
137,4.0,1.0,1.0,2.0,2.0,2.0,2.0,3.0,1.0,2.0,3.0,1.0,2.0,3.0,2.0,2.0,3.0,2.0,2.0,2.0,1.0,2.0,2.0,4.0,1.0,2.0,2.0,3.0,2.0,1.0,3.0,2.0,4.0,1.0,4.0,2.0,2.0,4.0,4.0,2.0,3.0,2.0,3.0,3.0,3.0,2.0,2.0,2.0,2.0,2.0,40,Kvinna,Högskola/Universitet,Grupp A,2.0,2.0,2.0,1.0,2.0,2.0,2.0,1.0,2.0,2.0,2.0,3.0,1.0,2.0,2.0,3.0,2.0,4.0,4.0,3.0,2.0,3.0,2.0,3.0,2.0,2.0,2.0,2.0,2.0,1.0,2.0,3.0,2.0,3.0,1.0,1.0,2.0,2.0,2.0,2.0,3.0,1.0,2.0,0.0,3.0,2.0,2.0,3.0,2.0,1.0,49.0,46.0,0
138,1.0,3.0,2.0,2.0,1.0,2.0,2.0,3.0,2.0,2.0,2.0,2.0,1.0,3.0,4.0,2.0,2.0,3.0,1.0,3.0,0.0,1.0,2.0,2.0,1.0,3.0,0.0,3.0,0.0,2.0,1.0,3.0,2.0,1.0,2.0,1.0,3.0,2.0,2.0,2.0,1.0,3.0,2.0,3.0,1.0,2.0,0.0,1.0,1.0,2.0,26,Kvinna,Gymnasium,Grupp A,,,,,,,,,,,,,,,,,,,,,,,,,,,,,,,,,,,,,,,,,,,,,,,,,,,26.0,51.0,0
139,4.0,1.0,,2.0,2.0,0.0,3.0,1.0,4.0,1.0,3.0,2.0,2.0,0.0,4.0,0.0,4.0,1.0,2.0,1.0,2.0,0.0,2.0,2.0,2.0,2.0,2.0,3.0,2.0,1.0,3.0,2.0,0.0,3.0,2.0,3.0,2.0,2.0,2.0,2.0,2.0,,2.0,2.0,2.0,3.0,2.0,3.0,1.0,2.0,49,Kvinna,Högskola/Universitet,Grupp B,,,,,,,,,,,,,,,,,,,,,,,,,,,,,,,,,,,,,,,,,,,,,,,,,,,85.0,35.0,1
140,2.0,1.0,1.0,1.0,2.0,3.0,1.0,2.0,2.0,1.0,2.0,2.0,1.0,3.0,3.0,2.0,3.0,1.0,3.0,2.0,3.0,0.0,,2.0,3.0,0.0,3.0,1.0,3.0,2.0,2.0,1.0,3.0,0.0,3.0,3.0,2.0,4.0,4.0,2.0,2.0,2.0,2.0,1.0,3.0,3.0,4.0,3.0,3.0,1.0,18,Kvinna,Gymnasium,Grupp B,2.0,3.0,3.0,2.0,4.0,3.0,3.0,0.0,3.0,2.0,2.0,3.0,1.0,2.0,1.0,3.0,2.0,2.0,3.0,2.0,2.0,1.0,3.0,2.0,3.0,1.0,2.0,1.0,2.0,2.0,3.0,1.0,3.0,0.0,4.0,3.0,3.0,3.0,4.0,4.0,2.0,2.0,1.0,2.0,2.0,2.0,3.0,2.0,1.0,1.0,61.0,52.0,0
141,2.0,2.0,2.0,2.0,2.0,4.0,2.0,2.0,1.0,2.0,2.0,1.0,1.0,0.0,1.0,4.0,2.0,2.0,0.0,3.0,4.0,2.0,3.0,1.0,3.0,0.0,4.0,0.0,4.0,3.0,2.0,2.0,2.0,2.0,2.0,3.0,2.0,2.0,2.0,2.0,3.0,2.0,2.0,2.0,2.0,2.0,2.0,1.0,2.0,3.0,42,Kvinna,Gymnasium,Grupp B,2.0,3.0,3.0,2.0,0.0,2.0,2.0,1.0,2.0,0.0,1.0,1.0,2.0,2.0,1.0,2.0,2.0,2.0,2.0,3.0,3.0,2.0,2.0,1.0,4.0,0.0,4.0,0.0,4.0,3.0,3.0,3.0,2.0,2.0,2.0,2.0,3.0,1.0,1.0,2.0,2.0,3.0,2.0,2.0,2.0,3.0,2.0,0.0,2.0,3.0,46.0,41.0,0
142,4.0,,3.0,1.0,3.0,1.0,3.0,2.0,3.0,0.0,1.0,4.0,2.0,3.0,2.0,3.0,1.0,2.0,3.0,2.0,2.0,2.0,1.0,2.0,3.0,2.0,1.0,2.0,2.0,2.0,1.0,2.0,1.0,3.0,1.0,0.0,2.0,0.0,1.0,0.0,2.0,1.0,3.0,2.0,2.0,2.0,2.0,3.0,2.0,3.0,44,Kvinna,Högskola/Universitet,Grupp B,,,,,,,,,,,,,,,,,,,,,,,,,,,,,,,,,,,,,,,,,,,,,,,,,,,54.0,62.0,1
143,1.0,4.0,0.0,4.0,0.0,4.0,0.0,4.0,0.0,4.0,2.0,4.0,2.0,3.0,0.0,2.0,2.0,2.0,2.0,2.0,3.0,2.0,2.0,1.0,2.0,2.0,2.0,2.0,2.0,4.0,2.0,3.0,4.0,0.0,3.0,2.0,3.0,2.0,3.0,3.0,2.0,2.0,3.0,2.0,1.0,2.0,2.0,3.0,3.0,3.0,51,Kvinna,Gymnasium,Grupp B,,,,,,,,,,,,,,,,,,,,,,,,,,,,,,,,,,,,,,,,,,,,,,,,,,,9.0,72.0,0
144,4.0,1.0,4.0,1.0,4.0,0.0,4.0,0.0,,1.0,0.0,2.0,2.0,4.0,2.0,2.0,2.0,2.0,2.0,2.0,2.0,1.0,3.0,0.0,4.0,0.0,4.0,1.0,3.0,2.0,2.0,4.0,0.0,3.0,0.0,1.0,0.0,0.0,1.0,0.0,0.0,3.0,1.0,2.0,1.0,1.0,2.0,2.0,1.0,2.0,65,Kvinna,Grundskola,Grupp A,,,,,,,,,,,,,,,,,,,,,,,,,,,,,,,,,,,,,,,,,,,,,,,,,,,61.0,41.0,1
145,2.0,2.0,3.0,3.0,2.0,4.0,2.0,2.0,1.0,3.0,3.0,0.0,2.0,1.0,3.0,0.0,3.0,1.0,1.0,0.0,2.0,2.0,1.0,3.0,1.0,2.0,1.0,2.0,3.0,2.0,3.0,1.0,3.0,2.0,3.0,2.0,3.0,4.0,3.0,3.0,4.0,2.0,2.0,0.0,4.0,1.0,4.0,4.0,3.0,4.0,33,Kvinna,Grundskola,Grupp A,,,,,,,,,,,,,,,,,,,,,,,,,,,,,,,,,,,,,,,,,,,,,,,,,,,41.0,36.0,0
146,0.0,4.0,1.0,3.0,0.0,2.0,0.0,4.0,2.0,4.0,2.0,2.0,2.0,2.0,3.0,3.0,3.0,3.0,3.0,0.0,2.0,1.0,4.0,0.0,1.0,2.0,3.0,2.0,2.0,0.0,2.0,2.0,2.0,2.0,3.0,4.0,3.0,3.0,3.0,2.0,3.0,2.0,4.0,2.0,2.0,2.0,2.0,2.0,1.0,1.0,58,Kvinna,Gymnasium,Grupp B,,,,,,,,,,,,,,,,,,,,,,,,,,,,,,,,,,,,,,,,,,,,,,,,,,,35.0,63.0,0
147,3.0,1.0,4.0,3.0,2.0,2.0,2.0,3.0,2.0,2.0,0.0,2.0,3.0,1.0,1.0,2.0,3.0,2.0,1.0,2.0,2.0,3.0,1.0,2.0,0.0,1.0,2.0,2.0,2.0,2.0,2.0,3.0,1.0,1.0,1.0,3.0,2.0,3.0,2.0,2.0,3.0,0.0,3.0,1.0,2.0,1.0,3.0,2.0,3.0,4.0,47,Man,Gymnasium,Grupp A,2.0,3.0,2.0,2.0,2.0,2.0,2.0,3.0,1.0,1.0,2.0,3.0,1.0,3.0,3.0,3.0,3.0,2.0,2.0,2.0,3.0,2.0,4.0,2.0,2.0,2.0,2.0,1.0,2.0,4.0,2.0,2.0,2.0,1.0,0.0,2.0,2.0,2.0,1.0,1.0,3.0,2.0,2.0,2.0,2.0,1.0,3.0,1.0,2.0,2.0,46.0,64.0,1
148,2.0,0.0,4.0,1.0,3.0,1.0,4.0,0.0,4.0,1.0,0.0,4.0,2.0,3.0,1.0,3.0,2.0,4.0,3.0,4.0,2.0,0.0,4.0,0.0,,1.0,3.0,0.0,3.0,3.0,0.0,4.0,1.0,3.0,0.0,0.0,2.0,0.0,0.0,1.0,1.0,4.0,1.0,4.0,0.0,3.0,1.0,1.0,1.0,1.0,40,Kvinna,Grundskola,Grupp A,4.0,0.0,3.0,0.0,4.0,0.0,4.0,0.0,4.0,0.0,1.0,3.0,0.0,3.0,1.0,4.0,1.0,3.0,2.0,3.0,3.0,2.0,4.0,1.0,4.0,0.0,3.0,2.0,2.0,4.0,0.0,4.0,2.0,4.0,1.0,1.0,0.0,0.0,2.0,0.0,1.0,1.0,2.0,3.0,2.0,4.0,2.0,2.0,2.0,1.0,83.0,28.0,1
149,2.0,2.0,2.0,1.0,2.0,1.0,1.0,2.0,2.0,2.0,2.0,2.0,2.0,2.0,2.0,2.0,1.0,2.0,3.0,2.0,4.0,0.0,4.0,0.0,4.0,0.0,4.0,0.0,4.0,4.0,3.0,1.0,2.0,0.0,4.0,3.0,2.0,2.0,4.0,2.0,2.0,2.0,2.0,4.0,2.0,2.0,1.0,2.0,4.0,0.0,41,Kvinna,Högskola/Universitet,Grupp C,,,,,,,,,,,,,,,,,,,,,,,,,,,,,,,,,,,,,,,,,,,,,,,,,,,58.0,63.0,0
150,4.0,2.0,3.0,1.0,3.0,2.0,2.0,0.0,4.0,0.0,4.0,1.0,3.0,1.0,2.0,1.0,4.0,0.0,0.0,1.0,2.0,2.0,2.0,3.0,1.0,2.0,0.0,4.0,1.0,2.0,1.0,3.0,0.0,2.0,1.0,2.0,1.0,1.0,1.0,2.0,2.0,,0.0,2.0,2.0,1.0,2.0,2.0,1.0,0.0,18,Man,Högskola/Universitet,Grupp C,3.0,0.0,3.0,1.0,3.0,2.0,4.0,1.0,4.0,0.0,2.0,2.0,2.0,2.0,2.0,1.0,2.0,0.0,1.0,2.0,2.0,2.0,2.0,2.0,2.0,4.0,2.0,2.0,1.0,2.0,2.0,3.0,1.0,2.0,1.0,1.0,1.0,2.0,1.0,1.0,2.0,2.0,3.0,2.0,2.0,2.0,1.0,2.0,2.0,1.0,65.0,24.0,1
151,0.0,4.0,0.0,4.0,0.0,4.0,0.0,3.0,0.0,2.0,1.0,2.0,1.0,1.0,2.0,2.0,2.0,3.0,2.0,2.0,1.0,2.0,1.0,2.0,1.0,2.0,1.0,4.0,2.0,1.0,2.0,3.0,3.0,1.0,3.0,3.0,1.0,3.0,3.0,1.0,3.0,2.0,3.0,2.0,2.0,3.0,4.0,3.0,2.0,3.0,24,Kvinna,Gymnasium,Grupp A,0.0,4.0,0.0,4.0,0.0,3.0,2.0,3.0,0.0,4.0,2.0,3.0,2.0,2.0,2.0,2.0,2.0,3.0,3.0,2.0,2.0,2.0,3.0,1.0,2.0,1.0,2.0,3.0,2.0,2.0,2.0,2.0,2.0,3.0,2.0,2.0,2.0,2.0,3.0,0.0,2.0,1.0,2.0,2.0,2.0,3.0,2.0,2.0,3.0,2.0,22.0,24.0,0
152,2.0,1.0,3.0,3.0,2.0,3.0,2.0,1.0,3.0,2.0,2.0,3.0,2.0,2.0,1.0,3.0,1.0,4.0,2.0,2.0,3.0,1.0,2.0,3.0,1.0,2.0,2.0,2.0,2.0,1.0,2.0,2.0,2.0,1.0,2.0,1.0,2.0,1.0,3.0,1.0,2.0,2.0,4.0,2.0,0.0,1.0,2.0,2.0,2.0,3.0,52,Kvinna,Gymnasium,Grupp A,1.0,3.0,2.0,3.0,2.0,2.0,0.0,2.0,2.0,0.0,1.0,2.0,3.0,4.0,1.0,1.0,2.0,2.0,4.0,3.0,1.0,3.0,3.0,1.0,2.0,2.0,2.0,1.0,4.0,2.0,2.0,3.0,2.0,2.0,1.0,3.0,1.0,1.0,1.0,2.0,2.0,2.0,4.0,3.0,3.0,1.0,2.0,2.0,4.0,2.0,52.0,37.0,0
153,1.0,3.0,0.0,3.0,0.0,2.0,0.0,3.0,1.0,2.0,3.0,2.0,2.0,1.0,1.0,1.0,2.0,0.0,2.0,0.0,1.0,3.0,0.0,3.0,,3.0,2.0,4.0,1.0,0.0,3.0,1.0,2.0,3.0,3.0,2.0,4.0,2.0,4.0,2.0,4.0,2.0,1.0,2.0,3.0,1.0,2.0,2.0,2.0,2.0,25,Man,Gymnasium,Grupp A,,,,,,,,,,,,,,,,,,,,,,,,,,,,,,,,,,,,,,,,,,,,,,,,,,,26.0,36.0,0
154,2.0,2.0,3.0,2.0,1.0,4.0,2.0,1.0,3.0,3.0,3.0,2.0,4.0,1.0,4.0,2.0,3.0,2.0,2.0,1.0,2.0,4.0,1.0,3.0,2.0,2.0,1.0,3.0,1.0,0.0,3.0,2.0,3.0,2.0,3.0,1.0,4.0,3.0,3.0,4.0,2.0,2.0,2.0,2.0,2.0,2.0,1.0,2.0,1.0,2.0,32,Kvinna,Gymnasium,Grupp B,1.0,3.0,2.0,2.0,2.0,3.0,1.0,2.0,1.0,2.0,3.0,1.0,4.0,1.0,4.0,0.0,4.0,2.0,2.0,1.0,3.0,3.0,3.0,2.0,1.0,2.0,2.0,3.0,2.0,3.0,3.0,1.0,2.0,1.0,1.0,4.0,2.0,2.0,2.0,1.0,0.0,3.0,1.0,2.0,2.0,1.0,2.0,2.0,2.0,0.0,48.0,67.0,0
155,1.0,1.0,2.0,3.0,2.0,2.0,2.0,3.0,2.0,2.0,3.0,0.0,4.0,2.0,3.0,1.0,2.0,0.0,1.0,1.0,2.0,2.0,2.0,2.0,2.0,1.0,2.0,2.0,2.0,2.0,4.0,0.0,4.0,1.0,2.0,4.0,2.0,3.0,2.0,4.0,3.0,2.0,2.0,1.0,2.0,0.0,2.0,3.0,2.0,2.0,35,Kvinna,Högskola/Universitet,Grupp C,,,,,,,,,,,,,,,,,,,,,,,,,,,,,,,,,,,,,,,,,,,,,,,,,,,41.0,16.0,0
156,4.0,0.0,2.0,2.0,2.0,2.0,2.0,2.0,2.0,2.0,3.0,0.0,3.0,3.0,3.0,2.0,2.0,0.0,2.0,1.0,3.0,0.0,3.0,1.0,3.0,0.0,2.0,1.0,3.0,4.0,2.0,0.0,4.0,0.0,4.0,3.0,4.0,3.0,3.0,3.0,2.0,2.0,2.0,2.0,2.0,2.0,1.0,2.0,2.0,1.0,24,Kvinna,Gymnasium,Grupp C,,,,,,,,,,,,,,,,,,,,,,,,,,,,,,,,,,,,,,,,,,,,,,,,,,,46.0,55.0,1
157,2.0,2.0,,4.0,1.0,1.0,2.0,2.0,2.0,2.0,1.0,2.0,1.0,2.0,1.0,3.0,2.0,4.0,2.0,3.0,2.0,2.0,1.0,2.0,2.0,2.0,3.0,2.0,4.0,2.0,1.0,4.0,1.0,3.0,1.0,0.0,0.0,2.0,0.0,0.0,0.0,3.0,0.0,2.0,2.0,2.0,1.0,2.0,1.0,1.0,50,Kvinna,Gymnasium,Grupp B,,,,,,,,,,,,,,,,,,,,,,,,,,,,,,,,,,,,,,,,,,,,,,,,,,,58.0,58.0,0
158,2.0,2.0,2.0,3.0,0.0,0.0,0.0,4.0,2.0,2.0,3.0,1.0,4.0,0.0,3.0,0.0,4.0,0.0,0.0,1.0,0.0,4.0,1.0,4.0,1.0,4.0,1.0,4.0,0.0,2.0,4.0,1.0,2.0,1.0,2.0,2.0,3.0,3.0,4.0,3.0,2.0,2.0,1.0,0.0,2.0,2.0,2.0,1.0,0.0,1.0,18,Man,Gymnasium,Grupp B,2.0,2.0,1.0,3.0,2.0,2.0,2.0,2.0,1.0,4.0,3.0,2.0,3.0,1.0,1.0,0.0,4.0,2.0,2.0,2.0,1.0,2.0,1.0,4.0,1.0,2.0,1.0,3.0,1.0,1.0,2.0,3.0,2.0,3.0,1.0,2.0,3.0,2.0,2.0,3.0,2.0,3.0,3.0,3.0,2.0,3.0,2.0,2.0,1.0,0.0,53.0,45.0,1
159,4.0,2.0,4.0,1.0,3.0,1.0,4.0,2.0,3.0,3.0,2.0,2.0,3.0,2.0,2.0,2.0,4.0,2.0,3.0,2.0,2.0,2.0,2.0,0.0,1.0,2.0,1.0,2.0,3.0,1.0,0.0,2.0,,2.0,1.0,0.0,2.0,1.0,1.0,1.0,3.0,2.0,3.0,1.0,4.0,0.0,2.0,2.0,2.0,2.0,19,Kvinna,Högskola/Universitet,Grupp A,2.0,2.0,1.0,1.0,3.0,2.0,1.0,2.0,2.0,1.0,3.0,1.0,2.0,0.0,2.0,3.0,4.0,0.0,2.0,1.0,2.0,2.0,2.0,2.0,3.0,2.0,2.0,1.0,2.0,2.0,2.0,4.0,0.0,4.0,0.0,1.0,0.0,2.0,4.0,1.0,2.0,2.0,2.0,1.0,3.0,2.0,4.0,1.0,3.0,1.0,62.0,53.0,0
160,2.0,1.0,4.0,2.0,1.0,2.0,3.0,2.0,2.0,4.0,4.0,2.0,2.0,1.0,1.0,2.0,2.0,1.0,2.0,2.0,3.0,2.0,4.0,2.0,3.0,2.0,2.0,2.0,2.0,2.0,2.0,2.0,2.0,1.0,1.0,1.0,3.0,2.0,2.0,3.0,1.0,2.0,0.0,4.0,1.0,2.0,1.0,2.0,0.0,1.0,35,Man,Högskola/Universitet,Grupp B,,,,,,,,,,,,,,,,,,,,,,,,,,,,,,,,,,,,,,,,,,,,,,,,,,,47.0,48.0,0
161,2.0,1.0,3.0,2.0,3.0,1.0,2.0,4.0,2.0,3.0,1.0,3.0,3.0,2.0,2.0,2.0,2.0,2.0,1.0,2.0,1.0,2.0,3.0,2.0,2.0,2.0,4.0,3.0,3.0,3.0,3.0,1.0,4.0,1.0,3.0,2.0,2.0,3.0,2.0,,1.0,2.0,2.0,2.0,3.0,2.0,2.0,2.0,2.0,1.0,37,Man,Gymnasium,Grupp C,1.0,2.0,2.0,2.0,2.0,2.0,3.0,2.0,2.0,1.0,4.0,3.0,2.0,1.0,2.0,2.0,3.0,2.0,2.0,2.0,2.0,2.0,1.0,2.0,1.0,2.0,1.0,1.0,2.0,2.0,1.0,1.0,4.0,2.0,4.0,2.0,2.0,3.0,3.0,4.0,1.0,4.0,1.0,1.0,1.0,3.0,2.0,1.0,0.0,0.0,46.0,23.0,1
162,2.0,3.0,0.0,3.0,2.0,2.0,2.0,2.0,2.0,3.0,1.0,3.0,0.0,4.0,2.0,3.0,3.0,2.0,2.0,3.0,3.0,1.0,2.0,0.0,2.0,3.0,2.0,2.0,3.0,2.0,1.0,1.0,2.0,1.0,2.0,3.0,3.0,2.0,1.0,1.0,2.0,3.0,4.0,3.0,3.0,2.0,1.0,1.0,4.0,1.0,30,Man,Högskola/Universitet,Grupp A,2.0,3.0,3.0,2.0,3.0,2.0,3.0,3.0,3.0,1.0,3.0,2.0,2.0,2.0,2.0,2.0,2.0,2.0,4.0,2.0,2.0,2.0,4.0,0.0,2.0,1.0,4.0,2.0,2.0,2.0,1.0,2.0,1.0,3.0,0.0,0.0,2.0,0.0,2.0,2.0,1.0,1.0,1.0,3.0,2.0,3.0,1.0,2.0,1.0,3.0,47.0,20.0,1
163,0.0,4.0,2.0,3.0,1.0,4.0,2.0,2.0,1.0,2.0,3.0,0.0,3.0,1.0,3.0,1.0,2.0,0.0,1.0,1.0,3.0,3.0,2.0,4.0,2.0,3.0,2.0,3.0,2.0,2.0,3.0,0.0,2.0,1.0,3.0,4.0,3.0,3.0,2.0,3.0,1.0,1.0,2.0,2.0,1.0,3.0,2.0,1.0,2.0,1.0,37,Man,Högskola/Universitet,Grupp B,1.0,3.0,2.0,4.0,1.0,2.0,1.0,3.0,1.0,3.0,2.0,1.0,3.0,1.0,3.0,2.0,4.0,0.0,1.0,1.0,2.0,2.0,2.0,3.0,2.0,3.0,2.0,3.0,2.0,1.0,2.0,2.0,0.0,0.0,2.0,4.0,3.0,3.0,3.0,3.0,2.0,2.0,1.0,2.0,2.0,2.0,0.0,1.0,0.0,0.0,38.0,80.0,0
164,3.0,0.0,2.0,2.0,2.0,2.0,2.0,2.0,3.0,1.0,1.0,4.0,2.0,3.0,1.0,3.0,0.0,3.0,3.0,4.0,2.0,2.0,1.0,3.0,2.0,3.0,1.0,3.0,1.0,2.0,4.0,1.0,,2.0,3.0,3.0,2.0,0.0,3.0,1.0,0.0,2.0,1.0,3.0,0.0,3.0,1.0,1.0,0.0,0.0,18,Kvinna,Högskola/Universitet,Grupp A,3.0,2.0,1.0,3.0,2.0,2.0,1.0,1.0,1.0,3.0,1.0,4.0,2.0,3.0,1.0,2.0,2.0,1.0,3.0,3.0,0.0,3.0,0.0,3.0,2.0,3.0,2.0,3.0,0.0,1.0,3.0,2.0,2.0,3.0,2.0,0.0,1.0,2.0,1.0,1.0,0.0,4.0,0.0,2.0,0.0,4.0,1.0,0.0,0.0,2.0,74.0,29.0,0
165,2.0,2.0,1.0,2.0,2.0,2.0,1.0,3.0,1.0,4.0,1.0,3.0,2.0,4.0,2.0,2.0,1.0,2.0,2.0,2.0,1.0,3.0,1.0,2.0,2.0,4.0,0.0,3.0,2.0,2.0,4.0,2.0,4.0,0.0,4.0,3.0,4.0,4.0,4.0,4.0,3.0,1.0,2.0,1.0,3.0,1.0,2.0,2.0,3.0,2.0,42,Man,Gymnasium,Grupp C,2.0,2.0,2.0,2.0,0.0,1.0,2.0,2.0,2.0,4.0,1.0,4.0,1.0,4.0,1.0,2.0,0.0,3.0,3.0,4.0,2.0,3.0,2.0,4.0,0.0,3.0,0.0,4.0,1.0,2.0,3.0,0.0,4.0,0.0,4.0,4.0,4.0,4.0,4.0,4.0,2.0,2.0,1.0,4.0,2.0,2.0,1.0,2.0,2.0,1.0,43.0,50.0,0
166,1.0,2.0,2.0,1.0,2.0,4.0,2.0,2.0,2.0,4.0,3.0,2.0,4.0,3.0,2.0,3.0,2.0,2.0,2.0,3.0,2.0,4.0,1.0,2.0,1.0,2.0,2.0,3.0,2.0,2.0,2.0,2.0,1.0,3.0,2.0,1.0,1.0,2.0,3.0,3.0,0.0,3.0,0.0,2.0,1.0,4.0,0.0,0.0,1.0,0.0,18,Man,Högskola/Universitet,Grupp A,,,,,,,,,,,,,,,,,,,,,,,,,,,,,,,,,,,,,,,,,,,,,,,,,,,60.0,35.0,0
167,3.0,1.0,3.0,0.0,3.0,2.0,2.0,2.0,2.0,0.0,3.0,0.0,2.0,0.0,2.0,2.0,4.0,1.0,0.0,1.0,1.0,4.0,0.0,2.0,1.0,2.0,1.0,3.0,0.0,2.0,3.0,0.0,,2.0,3.0,4.0,4.0,4.0,4.0,3.0,3.0,1.0,3.0,2.0,2.0,0.0,1.0,3.0,3.0,4.0,27,Annat,Högskola/Universitet,Grupp B,2.0,0.0,3.0,1.0,3.0,2.0,2.0,1.0,3.0,2.0,3.0,3.0,3.0,3.0,0.0,1.0,3.0,0.0,1.0,1.0,2.0,2.0,2.0,2.0,1.0,3.0,0.0,4.0,2.0,2.0,4.0,0.0,4.0,0.0,4.0,3.0,3.0,4.0,4.0,4.0,2.0,0.0,2.0,3.0,3.0,1.0,2.0,3.0,4.0,2.0,81.0,11.0,0
168,2.0,2.0,2.0,2.0,1.0,2.0,3.0,3.0,1.0,2.0,2.0,2.0,4.0,1.0,2.0,2.0,3.0,2.0,0.0,1.0,2.0,4.0,3.0,2.0,1.0,3.0,1.0,3.0,1.0,,2.0,2.0,2.0,2.0,2.0,1.0,3.0,2.0,1.0,2.0,2.0,2.0,3.0,3.0,2.0,4.0,1.0,2.0,2.0,1.0,38,Kvinna,Högskola/Universitet,Grupp A,,,,,,,,,,,,,,,,,,,,,,,,,,,,,,,,,,,,,,,,,,,,,,,,,,,50.0,71.0,0
169,2.0,2.0,2.0,1.0,2.0,3.0,2.0,2.0,3.0,1.0,3.0,2.0,4.0,1.0,3.0,1.0,2.0,0.0,2.0,1.0,1.0,3.0,2.0,4.0,1.0,3.0,1.0,3.0,2.0,2.0,4.0,2.0,2.0,2.0,2.0,3.0,4.0,4.0,1.0,2.0,2.0,1.0,3.0,2.0,2.0,3.0,2.0,2.0,2.0,2.0,27,Kvinna,Högskola/Universitet,Grupp A,3.0,1.0,3.0,1.0,2.0,1.0,1.0,1.0,2.0,2.0,3.0,1.0,2.0,1.0,4.0,1.0,4.0,2.0,2.0,0.0,2.0,2.0,2.0,2.0,1.0,3.0,1.0,2.0,2.0,1.0,2.0,3.0,3.0,2.0,2.0,3.0,2.0,2.0,3.0,4.0,1.0,3.0,4.0,2.0,1.0,3.0,0.0,2.0,2.0,2.0,45.0,45.0,0
170,2.0,2.0,2.0,1.0,4.0,2.0,3.0,2.0,3.0,2.0,2.0,2.0,3.0,2.0,2.0,3.0,2.0,2.0,3.0,3.0,2.0,2.0,2.0,3.0,3.0,1.0,2.0,1.0,2.0,2.0,2.0,2.0,1.0,2.0,3.0,3.0,3.0,2.0,2.0,2.0,1.0,1.0,3.0,2.0,2.0,2.0,1.0,1.0,4.0,2.0,34,Man,Högskola/Universitet,Grupp C,,,,,,,,,,,,,,,,,,,,,,,,,,,,,,,,,,,,,,,,,,,,,,,,,,,41.0,23.0,0
171,3.0,1.0,4.0,1.0,3.0,2.0,3.0,0.0,4.0,1.0,0.0,3.0,2.0,2.0,4.0,2.0,2.0,3.0,3.0,3.0,1.0,3.0,1.0,1.0,3.0,1.0,1.0,2.0,3.0,2.0,1.0,2.0,2.0,1.0,2.0,2.0,1.0,3.0,1.0,2.0,1.0,1.0,2.0,1.0,2.0,3.0,1.0,2.0,2.0,1.0,41,Kvinna,Gymnasium,Grupp C,,,,,,,,,,,,,,,,,,,,,,,,,,,,,,,,,,,,,,,,,,,,,,,,,,,35.0,59.0,0
172,2.0,3.0,3.0,2.0,2.0,2.0,1.0,2.0,2.0,2.0,2.0,4.0,0.0,4.0,0.0,4.0,0.0,4.0,4.0,4.0,2.0,1.0,3.0,2.0,2.0,2.0,2.0,1.0,2.0,2.0,1.0,4.0,2.0,3.0,1.0,2.0,0.0,1.0,2.0,3.0,2.0,2.0,2.0,3.0,2.0,3.0,2.0,2.0,2.0,1.0,22,Kvinna,Högskola/Universitet,Grupp B,2.0,3.0,3.0,2.0,2.0,2.0,3.0,2.0,3.0,1.0,0.0,4.0,2.0,2.0,0.0,3.0,1.0,3.0,3.0,2.0,1.0,2.0,1.0,2.0,2.0,4.0,1.0,2.0,2.0,1.0,3.0,3.0,1.0,2.0,2.0,4.0,0.0,0.0,2.0,1.0,1.0,1.0,2.0,2.0,2.0,2.0,2.0,2.0,2.0,2.0,51.0,48.0,0
173,0.0,2.0,2.0,3.0,0.0,4.0,0.0,3.0,1.0,3.0,3.0,2.0,2.0,2.0,3.0,3.0,2.0,2.0,2.0,2.0,0.0,3.0,2.0,2.0,1.0,2.0,1.0,1.0,1.0,1.0,3.0,1.0,4.0,1.0,3.0,2.0,2.0,2.0,3.0,2.0,0.0,4.0,0.0,3.0,0.0,4.0,0.0,0.0,0.0,0.0,46,Kvinna,Högskola/Universitet,Grupp A,,,,,,,,,,,,,,,,,,,,,,,,,,,,,,,,,,,,,,,,,,,,,,,,,,,47.0,80.0,0
174,2.0,2.0,2.0,2.0,2.0,1.0,1.0,3.0,2.0,1.0,2.0,2.0,3.0,3.0,1.0,1.0,2.0,0.0,1.0,1.0,3.0,1.0,2.0,3.0,0.0,1.0,2.0,3.0,1.0,0.0,1.0,1.0,3.0,2.0,2.0,1.0,2.0,3.0,2.0,3.0,2.0,3.0,3.0,1.0,2.0,3.0,2.0,3.0,2.0,3.0,71,Kvinna,Gymnasium,Grupp A,3.0,0.0,2.0,1.0,3.0,1.0,2.0,2.0,3.0,0.0,2.0,2.0,2.0,3.0,3.0,2.0,3.0,4.0,2.0,2.0,1.0,2.0,1.0,2.0,2.0,2.0,3.0,2.0,1.0,3.0,2.0,1.0,2.0,2.0,3.0,2.0,2.0,4.0,2.0,3.0,3.0,2.0,3.0,1.0,2.0,0.0,2.0,4.0,3.0,3.0,47.0,37.0,0
175,2.0,2.0,2.0,3.0,2.0,4.0,1.0,1.0,1.0,3.0,2.0,2.0,2.0,0.0,3.0,1.0,1.0,2.0,1.0,2.0,2.0,2.0,3.0,2.0,2.0,3.0,1.0,2.0,2.0,2.0,2.0,2.0,1.0,4.0,2.0,1.0,2.0,2.0,0.0,1.0,2.0,1.0,1.0,2.0,2.0,2.0,1.0,4.0,2.0,2.0,47,Kvinna,Högskola/Universitet,Grupp A,,,,,,,,,,,,,,,,,,,,,,,,,,,,,,,,,,,,,,,,,,,,,,,,,,,45.0,45.0,0
176,3.0,0.0,2.0,0.0,,1.0,4.0,0.0,4.0,2.0,2.0,2.0,1.0,2.0,2.0,2.0,2.0,1.0,2.0,2.0,1.0,3.0,1.0,2.0,1.0,2.0,2.0,1.0,2.0,2.0,2.0,2.0,0.0,3.0,1.0,1.0,1.0,2.0,1.0,2.0,2.0,2.0,2.0,1.0,3.0,1.0,2.0,3.0,2.0,0.0,55,Kvinna,Gymnasium,Grupp B,,,,,,,,,,,,,,,,,,,,,,,,,,,,,,,,,,,,,,,,,,,,,,,,,,,57.0,76.0,1
177,3.0,2.0,2.0,3.0,2.0,1.0,2.0,4.0,1.0,2.0,,4.0,0.0,3.0,0.0,4.0,0.0,3.0,4.0,4.0,2.0,1.0,2.0,2.0,2.0,2.0,3.0,3.0,2.0,2.0,2.0,1.0,3.0,2.0,2.0,1.0,2.0,2.0,2.0,2.0,4.0,1.0,3.0,0.0,3.0,1.0,2.0,4.0,3.0,2.0,54,Kvinna,Grundskola,Grupp A,,,,,,,,,,,,,,,,,,,,,,,,,,,,,,,,,,,,,,,,,,,,,,,,,,,33.0,55.0,1
178,3.0,3.0,2.0,2.0,3.0,3.0,1.0,2.0,2.0,2.0,2.0,1.0,3.0,2.0,3.0,0.0,3.0,0.0,1.0,1.0,0.0,2.0,2.0,3.0,1.0,4.0,2.0,3.0,2.0,3.0,2.0,1.0,2.0,2.0,2.0,2.0,2.0,3.0,3.0,4.0,3.0,1.0,3.0,0.0,3.0,2.0,2.0,2.0,4.0,2.0,29,Man,Grundskola,Grupp A,,,,,,,,,,,,,,,,,,,,,,,,,,,,,,,,,,,,,,,,,,,,,,,,,,,55.0,50.0,1
179,2.0,2.0,2.0,2.0,1.0,2.0,2.0,2.0,3.0,2.0,1.0,3.0,2.0,3.0,2.0,2.0,0.0,2.0,2.0,2.0,2.0,4.0,3.0,2.0,1.0,4.0,2.0,3.0,1.0,1.0,1.0,1.0,2.0,2.0,2.0,2.0,2.0,0.0,1.0,2.0,3.0,2.0,3.0,2.0,1.0,4.0,3.0,2.0,2.0,3.0,40,Man,Grundskola,Grupp B,1.0,4.0,2.0,2.0,2.0,2.0,2.0,2.0,1.0,3.0,0.0,2.0,0.0,1.0,2.0,3.0,0.0,3.0,3.0,2.0,3.0,0.0,3.0,1.0,2.0,2.0,2.0,2.0,2.0,2.0,2.0,1.0,0.0,3.0,0.0,1.0,0.0,2.0,2.0,2.0,2.0,2.0,3.0,2.0,1.0,2.0,0.0,2.0,1.0,3.0,41.0,59.0,1
180,0.0,3.0,0.0,3.0,0.0,4.0,1.0,3.0,1.0,3.0,1.0,2.0,2.0,2.0,2.0,1.0,3.0,1.0,1.0,2.0,2.0,2.0,4.0,1.0,1.0,0.0,2.0,2.0,2.0,2.0,2.0,1.0,3.0,0.0,2.0,2.0,1.0,2.0,2.0,2.0,2.0,0.0,2.0,1.0,2.0,1.0,3.0,1.0,2.0,2.0,37,Kvinna,Gymnasium,Grupp B,,,,,,,,,,,,,,,,,,,,,,,,,,,,,,,,,,,,,,,,,,,,,,,,,,,37.0,70.0,0
181,3.0,2.0,4.0,0.0,3.0,0.0,2.0,0.0,3.0,2.0,1.0,3.0,2.0,2.0,1.0,4.0,2.0,2.0,3.0,3.0,3.0,2.0,2.0,1.0,3.0,0.0,3.0,1.0,3.0,2.0,0.0,4.0,2.0,3.0,2.0,2.0,2.0,2.0,1.0,1.0,2.0,4.0,2.0,4.0,0.0,3.0,1.0,1.0,2.0,2.0,48,Kvinna,Högskola/Universitet,Grupp B,,,,,,,,,,,,,,,,,,,,,,,,,,,,,,,,,,,,,,,,,,,,,,,,,,,62.0,47.0,0
182,3.0,0.0,4.0,2.0,2.0,1.0,3.0,2.0,2.0,2.0,1.0,4.0,1.0,4.0,2.0,2.0,0.0,4.0,4.0,4.0,4.0,2.0,4.0,1.0,2.0,2.0,4.0,1.0,4.0,2.0,0.0,4.0,1.0,4.0,1.0,1.0,1.0,2.0,0.0,2.0,2.0,2.0,1.0,2.0,2.0,3.0,2.0,1.0,3.0,3.0,57,Kvinna,Högskola/Universitet,Grupp A,3.0,2.0,3.0,0.0,2.0,3.0,3.0,2.0,3.0,2.0,1.0,3.0,2.0,3.0,2.0,2.0,1.0,2.0,4.0,2.0,3.0,2.0,2.0,0.0,3.0,1.0,4.0,2.0,2.0,4.0,1.0,4.0,2.0,3.0,2.0,0.0,1.0,2.0,1.0,2.0,2.0,2.0,2.0,3.0,3.0,3.0,2.0,2.0,1.0,2.0,51.0,54.0,0
183,2.0,2.0,3.0,2.0,3.0,2.0,3.0,2.0,2.0,4.0,3.0,0.0,3.0,0.0,2.0,0.0,3.0,2.0,1.0,0.0,4.0,0.0,2.0,0.0,2.0,0.0,4.0,1.0,4.0,3.0,3.0,4.0,2.0,2.0,1.0,1.0,1.0,2.0,1.0,2.0,2.0,3.0,4.0,2.0,3.0,2.0,2.0,3.0,2.0,3.0,37,Man,Gymnasium,Grupp A,3.0,0.0,2.0,3.0,3.0,2.0,1.0,0.0,2.0,3.0,4.0,0.0,3.0,0.0,3.0,1.0,3.0,0.0,1.0,1.0,4.0,0.0,3.0,2.0,4.0,0.0,4.0,2.0,3.0,2.0,2.0,2.0,1.0,2.0,2.0,2.0,2.0,1.0,2.0,1.0,2.0,2.0,2.0,2.0,2.0,2.0,1.0,2.0,2.0,2.0,46.0,60.0,0
184,2.0,3.0,2.0,2.0,1.0,4.0,2.0,2.0,2.0,4.0,4.0,1.0,3.0,0.0,4.0,2.0,3.0,2.0,1.0,2.0,2.0,3.0,2.0,1.0,,2.0,3.0,0.0,2.0,2.0,2.0,2.0,3.0,2.0,2.0,,3.0,4.0,1.0,2.0,2.0,3.0,1.0,0.0,2.0,1.0,2.0,2.0,1.0,2.0,49,Man,Högskola/Universitet,Grupp A,,,,,,,,,,,,,,,,,,,,,,,,,,,,,,,,,,,,,,,,,,,,,,,,,,,41.0,30.0,1
185,1.0,3.0,1.0,3.0,1.0,3.0,0.0,4.0,1.0,4.0,4.0,0.0,4.0,2.0,4.0,1.0,2.0,0.0,1.0,0.0,1.0,3.0,2.0,3.0,2.0,3.0,2.0,2.0,1.0,3.0,4.0,2.0,2.0,4.0,1.0,3.0,2.0,1.0,0.0,0.0,1.0,2.0,0.0,4.0,1.0,3.0,1.0,0.0,2.0,2.0,39,Kvinna,Högskola/Universitet,Grupp A,,,,,,,,,,,,,,,,,,,,,,,,,,,,,,,,,,,,,,,,,,,,,,,,,,,20.0,41.0,0
186,2.0,2.0,2.0,1.0,2.0,1.0,4.0,2.0,0.0,3.0,1.0,3.0,0.0,2.0,1.0,3.0,3.0,2.0,3.0,,2.0,2.0,2.0,2.0,2.0,1.0,2.0,2.0,3.0,1.0,3.0,0.0,2.0,2.0,2.0,1.0,1.0,2.0,2.0,2.0,1.0,3.0,0.0,2.0,2.0,4.0,1.0,2.0,1.0,2.0,56,Kvinna,Gymnasium,Grupp B,,,,,,,,,,,,,,,,,,,,,,,,,,,,,,,,,,,,,,,,,,,,,,,,,,,38.0,32.0,0
187,,2.0,2.0,1.0,3.0,2.0,2.0,1.0,3.0,3.0,,2.0,3.0,1.0,1.0,4.0,1.0,2.0,2.0,2.0,1.0,3.0,1.0,2.0,1.0,2.0,0.0,3.0,2.0,1.0,3.0,1.0,2.0,1.0,3.0,2.0,2.0,3.0,3.0,3.0,4.0,0.0,2.0,0.0,4.0,0.0,4.0,2.0,2.0,1.0,23,Man,Gymnasium,Grupp C,,,,,,,,,,,,,,,,,,,,,,,,,,,,,,,,,,,,,,,,,,,,,,,,,,,38.0,67.0,0
188,2.0,3.0,2.0,1.0,1.0,1.0,4.0,0.0,2.0,2.0,0.0,3.0,0.0,3.0,0.0,2.0,0.0,3.0,4.0,4.0,2.0,3.0,2.0,3.0,2.0,3.0,2.0,3.0,3.0,2.0,0.0,3.0,2.0,3.0,0.0,3.0,2.0,3.0,1.0,3.0,1.0,2.0,3.0,2.0,2.0,4.0,0.0,2.0,2.0,0.0,48,Kvinna,Grundskola,Grupp B,,,,,,,,,,,,,,,,,,,,,,,,,,,,,,,,,,,,,,,,,,,,,,,,,,,55.0,58.0,1
189,4.0,2.0,3.0,0.0,3.0,2.0,3.0,0.0,4.0,1.0,0.0,3.0,0.0,4.0,0.0,4.0,2.0,2.0,2.0,4.0,4.0,0.0,2.0,1.0,3.0,1.0,3.0,0.0,3.0,3.0,0.0,3.0,1.0,4.0,1.0,2.0,3.0,2.0,1.0,2.0,2.0,1.0,3.0,2.0,3.0,0.0,3.0,2.0,3.0,3.0,34,Kvinna,Högskola/Universitet,Grupp A,4.0,2.0,3.0,1.0,2.0,2.0,2.0,0.0,2.0,0.0,1.0,4.0,1.0,3.0,0.0,1.0,0.0,4.0,3.0,2.0,2.0,2.0,2.0,2.0,1.0,1.0,2.0,3.0,2.0,2.0,3.0,2.0,1.0,2.0,1.0,2.0,1.0,1.0,2.0,1.0,1.0,3.0,3.0,1.0,3.0,4.0,3.0,1.0,2.0,2.0,74.0,44.0,1
190,2.0,3.0,2.0,1.0,2.0,3.0,2.0,4.0,2.0,3.0,3.0,1.0,2.0,1.0,2.0,2.0,2.0,3.0,2.0,2.0,3.0,3.0,2.0,4.0,1.0,3.0,2.0,3.0,0.0,1.0,2.0,2.0,4.0,3.0,2.0,0.0,2.0,2.0,2.0,2.0,1.0,3.0,1.0,4.0,0.0,4.0,1.0,2.0,3.0,2.0,27,Man,Grundskola,Grupp C,,,,,,,,,,,,,,,,,,,,,,,,,,,,,,,,,,,,,,,,,,,,,,,,,,,46.0,56.0,0
191,2.0,1.0,3.0,2.0,2.0,2.0,2.0,2.0,3.0,1.0,3.0,0.0,4.0,0.0,4.0,0.0,4.0,0.0,1.0,0.0,1.0,4.0,1.0,4.0,0.0,4.0,0.0,2.0,0.0,2.0,2.0,2.0,3.0,1.0,3.0,4.0,2.0,3.0,4.0,3.0,2.0,1.0,2.0,2.0,3.0,2.0,4.0,1.0,1.0,2.0,68,Kvinna,Gymnasium,Grupp A,,,,,,,,,,,,,,,,,,,,,,,,,,,,,,,,,,,,,,,,,,,,,,,,,,,58.0,20.0,1
192,3.0,1.0,3.0,2.0,3.0,2.0,2.0,2.0,3.0,0.0,4.0,,2.0,2.0,2.0,2.0,2.0,1.0,2.0,2.0,3.0,2.0,3.0,0.0,2.0,2.0,1.0,2.0,4.0,2.0,0.0,3.0,2.0,2.0,1.0,2.0,2.0,1.0,3.0,1.0,3.0,1.0,1.0,0.0,4.0,1.0,2.0,4.0,3.0,4.0,65,Kvinna,Gymnasium,Grupp C,,,,,,,,,,,,,,,,,,,,,,,,,,,,,,,,,,,,,,,,,,,,,,,,,,,60.0,53.0,1
193,4.0,0.0,3.0,0.0,4.0,0.0,3.0,1.0,4.0,1.0,2.0,2.0,2.0,1.0,4.0,2.0,2.0,0.0,,2.0,1.0,3.0,2.0,3.0,2.0,2.0,0.0,3.0,2.0,3.0,0.0,4.0,1.0,1.0,1.0,0.0,0.0,0.0,1.0,2.0,2.0,0.0,2.0,4.0,2.0,2.0,4.0,2.0,3.0,2.0,21,Kvinna,Högskola/Universitet,Grupp A,4.0,0.0,4.0,0.0,4.0,0.0,3.0,1.0,4.0,0.0,4.0,0.0,4.0,0.0,3.0,1.0,2.0,1.0,1.0,1.0,3.0,3.0,3.0,2.0,2.0,2.0,2.0,2.0,2.0,2.0,0.0,4.0,1.0,3.0,1.0,0.0,0.0,1.0,1.0,2.0,2.0,2.0,2.0,2.0,2.0,2.0,1.0,2.0,1.0,4.0,60.0,35.0,1
194,2.0,3.0,2.0,1.0,1.0,2.0,2.0,2.0,2.0,2.0,2.0,4.0,2.0,2.0,2.0,2.0,1.0,2.0,4.0,1.0,2.0,1.0,2.0,1.0,3.0,2.0,3.0,1.0,2.0,3.0,4.0,0.0,1.0,0.0,3.0,2.0,3.0,4.0,2.0,2.0,4.0,0.0,4.0,0.0,4.0,1.0,4.0,4.0,4.0,4.0,29,Kvinna,Gymnasium,Grupp C,,,,,,,,,,,,,,,,,,,,,,,,,,,,,,,,,,,,,,,,,,,,,,,,,,,59.0,61.0,1
195,,3.0,3.0,2.0,3.0,1.0,2.0,1.0,2.0,2.0,2.0,2.0,2.0,2.0,4.0,1.0,2.0,1.0,1.0,2.0,2.0,0.0,4.0,0.0,3.0,1.0,4.0,1.0,3.0,3.0,1.0,4.0,1.0,3.0,0.0,0.0,1.0,1.0,2.0,2.0,2.0,0.0,0.0,2.0,3.0,2.0,2.0,,2.0,4.0,29,Man,Högskola/Universitet,Grupp A,,,,,,,,,,,,,,,,,,,,,,,,,,,,,,,,,,,,,,,,,,,,,,,,,,,50.0,59.0,1
196,3.0,2.0,0.0,3.0,1.0,2.0,2.0,1.0,2.0,0.0,2.0,2.0,4.0,2.0,2.0,1.0,2.0,2.0,3.0,3.0,4.0,1.0,2.0,2.0,2.0,2.0,3.0,1.0,0.0,3.0,2.0,4.0,2.0,3.0,3.0,2.0,1.0,2.0,2.0,2.0,2.0,1.0,1.0,2.0,4.0,2.0,2.0,3.0,1.0,1.0,40,Kvinna,Gymnasium,Grupp B,2.0,1.0,1.0,3.0,1.0,2.0,3.0,3.0,2.0,1.0,3.0,2.0,3.0,2.0,2.0,1.0,2.0,2.0,2.0,2.0,0.0,2.0,3.0,2.0,2.0,2.0,2.0,2.0,1.0,4.0,3.0,2.0,1.0,3.0,2.0,0.0,2.0,1.0,1.0,2.0,1.0,2.0,2.0,2.0,2.0,1.0,1.0,1.0,2.0,3.0,44.0,67.0,0
197,3.0,2.0,2.0,0.0,3.0,1.0,2.0,1.0,4.0,2.0,2.0,2.0,3.0,3.0,1.0,1.0,2.0,3.0,1.0,4.0,3.0,1.0,1.0,2.0,2.0,2.0,4.0,1.0,3.0,3.0,3.0,2.0,2.0,3.0,0.0,2.0,2.0,1.0,2.0,2.0,3.0,1.0,2.0,1.0,4.0,1.0,3.0,2.0,2.0,3.0,44,Kvinna,Gymnasium,Grupp A,,,,,,,,,,,,,,,,,,,,,,,,,,,,,,,,,,,,,,,,,,,,,,,,,,,71.0,51.0,0
198,1.0,2.0,3.0,2.0,2.0,2.0,2.0,2.0,3.0,1.0,2.0,0.0,3.0,1.0,2.0,2.0,3.0,1.0,1.0,1.0,3.0,1.0,2.0,2.0,2.0,2.0,2.0,2.0,3.0,2.0,2.0,1.0,3.0,2.0,2.0,2.0,3.0,2.0,3.0,3.0,0.0,2.0,0.0,2.0,2.0,4.0,2.0,0.0,2.0,1.0,29,Kvinna,Grundskola,Grupp A,2.0,3.0,0.0,3.0,1.0,2.0,4.0,2.0,0.0,4.0,2.0,0.0,4.0,2.0,3.0,2.0,4.0,1.0,1.0,2.0,1.0,3.0,2.0,2.0,2.0,2.0,3.0,0.0,2.0,2.0,2.0,1.0,3.0,1.0,3.0,2.0,2.0,2.0,2.0,3.0,1.0,4.0,1.0,4.0,1.0,3.0,1.0,0.0,1.0,1.0,30.0,74.0,1
199,4.0,2.0,2.0,2.0,4.0,2.0,3.0,1.0,4.0,1.0,3.0,1.0,2.0,2.0,2.0,2.0,3.0,1.0,3.0,1.0,1.0,3.0,0.0,3.0,1.0,3.0,1.0,4.0,0.0,1.0,1.0,3.0,1.0,3.0,0.0,2.0,2.0,1.0,0.0,2.0,3.0,1.0,3.0,2.0,2.0,0.0,1.0,2.0,2.0,4.0,33,Kvinna,Gymnasium,Grupp A,,,,,,,,,,,,,,,,,,,,,,,,,,,,,,,,,,,,,,,,,,,,,,,,,,,56.0,31.0,1
200,0.0,3.0,2.0,1.0,1.0,2.0,0.0,1.0,3.0,1.0,2.0,1.0,2.0,2.0,1.0,3.0,2.0,3.0,2.0,2.0,4.0,2.0,1.0,1.0,3.0,2.0,2.0,2.0,2.0,3.0,4.0,3.0,0.0,2.0,2.0,2.0,2.0,1.0,2.0,2.0,3.0,1.0,4.0,1.0,2.0,0.0,4.0,4.0,3.0,2.0,18,Kvinna,Grundskola,Grupp B,,,,,,,,,,,,,,,,,,,,,,,,,,,,,,,,,,,,,,,,,,,,,,,,,,,42.0,57.0,0
201,2.0,1.0,3.0,0.0,2.0,2.0,2.0,1.0,3.0,4.0,0.0,4.0,1.0,4.0,0.0,4.0,1.0,1.0,4.0,4.0,4.0,0.0,4.0,0.0,3.0,2.0,3.0,1.0,3.0,2.0,0.0,2.0,0.0,2.0,,1.0,1.0,1.0,1.0,1.0,2.0,4.0,2.0,2.0,2.0,4.0,3.0,3.0,2.0,2.0,38,Man,Gymnasium,Grupp B,2.0,2.0,1.0,2.0,3.0,2.0,2.0,2.0,2.0,2.0,1.0,2.0,1.0,2.0,3.0,2.0,2.0,2.0,2.0,4.0,4.0,1.0,2.0,0.0,2.0,1.0,2.0,0.0,3.0,2.0,2.0,2.0,3.0,2.0,1.0,1.0,1.0,1.0,2.0,2.0,2.0,2.0,0.0,2.0,2.0,0.0,0.0,2.0,2.0,2.0,71.0,46.0,1
202,0.0,2.0,2.0,2.0,2.0,3.0,2.0,2.0,1.0,2.0,2.0,2.0,2.0,2.0,1.0,4.0,2.0,2.0,3.0,2.0,1.0,4.0,2.0,3.0,0.0,2.0,2.0,3.0,1.0,1.0,2.0,2.0,2.0,3.0,1.0,2.0,3.0,4.0,3.0,2.0,2.0,2.0,3.0,1.0,2.0,2.0,2.0,3.0,3.0,2.0,31,Man,Grundskola,Grupp B,,,,,,,,,,,,,,,,,,,,,,,,,,,,,,,,,,,,,,,,,,,,,,,,,,,34.0,49.0,0
203,4.0,0.0,3.0,1.0,4.0,1.0,2.0,0.0,3.0,1.0,4.0,2.0,1.0,2.0,2.0,2.0,1.0,2.0,2.0,3.0,0.0,3.0,0.0,3.0,1.0,3.0,0.0,4.0,0.0,0.0,2.0,4.0,2.0,4.0,0.0,0.0,2.0,1.0,0.0,0.0,2.0,2.0,2.0,2.0,2.0,2.0,2.0,2.0,1.0,1.0,44,Kvinna,Högskola/Universitet,Grupp B,3.0,0.0,4.0,0.0,4.0,0.0,4.0,0.0,4.0,0.0,1.0,3.0,2.0,3.0,2.0,2.0,3.0,3.0,2.0,3.0,0.0,4.0,0.0,3.0,0.0,3.0,0.0,4.0,0.0,0.0,1.0,2.0,0.0,4.0,0.0,1.0,0.0,1.0,0.0,1.0,1.0,3.0,2.0,1.0,3.0,2.0,2.0,2.0,1.0,3.0,67.0,37.0,1
204,3.0,3.0,3.0,1.0,3.0,0.0,2.0,1.0,4.0,0.0,0.0,2.0,2.0,4.0,0.0,4.0,0.0,2.0,3.0,4.0,2.0,2.0,2.0,2.0,2.0,2.0,3.0,2.0,1.0,2.0,1.0,2.0,1.0,3.0,3.0,3.0,0.0,3.0,1.0,4.0,2.0,3.0,2.0,2.0,0.0,2.0,2.0,2.0,2.0,2.0,49,Man,Högskola/Universitet,Grupp A,4.0,1.0,3.0,1.0,2.0,1.0,2.0,1.0,4.0,1.0,0.0,3.0,0.0,4.0,0.0,4.0,2.0,3.0,4.0,4.0,3.0,2.0,2.0,3.0,4.0,2.0,3.0,1.0,2.0,3.0,0.0,3.0,1.0,3.0,1.0,2.0,2.0,1.0,0.0,2.0,4.0,1.0,4.0,1.0,1.0,4.0,4.0,2.0,2.0,2.0,29.0,63.0,0
205,2.0,3.0,3.0,2.0,3.0,2.0,2.0,,3.0,2.0,2.0,3.0,1.0,2.0,2.0,4.0,2.0,2.0,0.0,3.0,2.0,0.0,2.0,2.0,4.0,2.0,2.0,1.0,2.0,4.0,4.0,1.0,1.0,2.0,2.0,3.0,4.0,4.0,4.0,4.0,2.0,2.0,4.0,2.0,3.0,1.0,3.0,2.0,2.0,1.0,55,Man,Högskola/Universitet,Grupp A,,,,,,,,,,,,,,,,,,,,,,,,,,,,,,,,,,,,,,,,,,,,,,,,,,,52.0,66.0,1
206,2.0,2.0,1.0,0.0,2.0,2.0,,1.0,2.0,2.0,4.0,0.0,2.0,2.0,2.0,1.0,2.0,3.0,3.0,0.0,1.0,3.0,2.0,2.0,3.0,1.0,2.0,2.0,3.0,0.0,2.0,2.0,3.0,2.0,1.0,1.0,2.0,2.0,1.0,2.0,0.0,3.0,1.0,3.0,0.0,3.0,2.0,1.0,1.0,1.0,41,Man,Gymnasium,Grupp A,1.0,2.0,2.0,3.0,1.0,1.0,0.0,2.0,2.0,3.0,3.0,2.0,2.0,3.0,4.0,1.0,4.0,1.0,1.0,2.0,2.0,2.0,1.0,3.0,1.0,3.0,2.0,0.0,2.0,3.0,2.0,2.0,0.0,2.0,1.0,1.0,1.0,0.0,2.0,1.0,2.0,4.0,1.0,2.0,0.0,3.0,1.0,0.0,0.0,2.0,76.0,45.0,1
207,2.0,1.0,2.0,0.0,3.0,3.0,3.0,1.0,3.0,2.0,2.0,1.0,2.0,3.0,2.0,1.0,4.0,2.0,0.0,3.0,1.0,2.0,1.0,2.0,,2.0,2.0,2.0,0.0,0.0,0.0,4.0,0.0,2.0,0.0,0.0,0.0,0.0,0.0,1.0,1.0,3.0,3.0,2.0,2.0,2.0,2.0,2.0,2.0,0.0,42,Kvinna,Gymnasium,Grupp B,,,,,,,,,,,,,,,,,,,,,,,,,,,,,,,,,,,,,,,,,,,,,,,,,,,29.0,41.0,1
208,3.0,0.0,3.0,2.0,3.0,0.0,3.0,1.0,2.0,2.0,2.0,2.0,4.0,1.0,1.0,2.0,2.0,0.0,2.0,1.0,4.0,0.0,4.0,1.0,3.0,0.0,4.0,1.0,3.0,3.0,1.0,3.0,0.0,2.0,0.0,3.0,0.0,0.0,1.0,0.0,0.0,4.0,1.0,3.0,0.0,2.0,3.0,1.0,0.0,0.0,38,Kvinna,Högskola/Universitet,Grupp A,,,,,,,,,,,,,,,,,,,,,,,,,,,,,,,,,,,,,,,,,,,,,,,,,,,51.0,20.0,0
209,3.0,2.0,2.0,1.0,2.0,1.0,3.0,2.0,2.0,3.0,4.0,2.0,4.0,0.0,2.0,0.0,3.0,0.0,1.0,0.0,2.0,2.0,3.0,0.0,3.0,1.0,4.0,1.0,3.0,4.0,3.0,2.0,2.0,1.0,2.0,3.0,1.0,2.0,4.0,3.0,2.0,2.0,1.0,4.0,,2.0,1.0,1.0,2.0,0.0,37,Kvinna,Högskola/Universitet,Grupp C,2.0,0.0,2.0,2.0,2.0,2.0,2.0,2.0,3.0,2.0,2.0,1.0,4.0,1.0,4.0,1.0,3.0,1.0,1.0,2.0,3.0,2.0,2.0,1.0,4.0,1.0,3.0,2.0,2.0,2.0,0.0,3.0,1.0,2.0,1.0,1.0,0.0,3.0,1.0,1.0,1.0,2.0,1.0,2.0,2.0,2.0,2.0,0.0,2.0,1.0,72.0,29.0,1
210,2.0,3.0,4.0,1.0,2.0,2.0,1.0,3.0,4.0,1.0,2.0,0.0,3.0,2.0,3.0,1.0,2.0,1.0,1.0,1.0,2.0,3.0,2.0,2.0,3.0,3.0,2.0,1.0,3.0,1.0,4.0,0.0,2.0,1.0,4.0,4.0,4.0,4.0,2.0,3.0,2.0,3.0,2.0,3.0,2.0,3.0,1.0,2.0,2.0,1.0,47,Kvinna,Högskola/Universitet,Grupp B,,,,,,,,,,,,,,,,,,,,,,,,,,,,,,,,,,,,,,,,,,,,,,,,,,,32.0,53.0,0
211,2.0,1.0,1.0,3.0,3.0,2.0,2.0,3.0,3.0,2.0,3.0,1.0,4.0,2.0,3.0,3.0,2.0,0.0,2.0,0.0,0.0,4.0,0.0,4.0,0.0,3.0,0.0,4.0,0.0,0.0,3.0,3.0,4.0,2.0,4.0,3.0,4.0,2.0,3.0,3.0,2.0,2.0,3.0,2.0,4.0,2.0,1.0,1.0,2.0,2.0,30,Man,Högskola/Universitet,Grupp B,,,,,,,,,,,,,,,,,,,,,,,,,,,,,,,,,,,,,,,,,,,,,,,,,,,64.0,77.0,0
212,4.0,1.0,4.0,0.0,2.0,0.0,4.0,1.0,3.0,2.0,1.0,3.0,2.0,3.0,4.0,4.0,1.0,4.0,1.0,1.0,0.0,2.0,1.0,2.0,4.0,2.0,1.0,3.0,0.0,2.0,0.0,3.0,0.0,2.0,2.0,0.0,2.0,1.0,0.0,1.0,2.0,2.0,1.0,2.0,3.0,2.0,3.0,2.0,3.0,3.0,51,Annat,Högskola/Universitet,Grupp B,3.0,0.0,2.0,1.0,3.0,0.0,3.0,2.0,3.0,1.0,0.0,3.0,2.0,2.0,1.0,2.0,1.0,2.0,3.0,3.0,1.0,4.0,1.0,3.0,2.0,4.0,0.0,3.0,0.0,3.0,1.0,3.0,1.0,3.0,0.0,1.0,0.0,1.0,0.0,1.0,2.0,2.0,4.0,1.0,2.0,3.0,0.0,2.0,1.0,2.0,87.0,59.0,1
213,4.0,0.0,3.0,0.0,4.0,0.0,4.0,1.0,4.0,0.0,1.0,3.0,2.0,3.0,1.0,2.0,4.0,3.0,2.0,4.0,1.0,2.0,2.0,0.0,2.0,1.0,4.0,2.0,2.0,3.0,2.0,4.0,2.0,4.0,1.0,3.0,2.0,2.0,2.0,0.0,3.0,0.0,2.0,3.0,3.0,0.0,2.0,2.0,3.0,2.0,47,Man,Högskola/Universitet,Grupp A,,,,,,,,,,,,,,,,,,,,,,,,,,,,,,,,,,,,,,,,,,,,,,,,,,,79.0,56.0,1
214,2.0,1.0,2.0,2.0,1.0,2.0,1.0,2.0,2.0,2.0,2.0,1.0,4.0,2.0,2.0,1.0,1.0,2.0,2.0,2.0,1.0,3.0,0.0,2.0,0.0,2.0,0.0,3.0,1.0,1.0,2.0,4.0,1.0,2.0,1.0,1.0,0.0,0.0,2.0,0.0,4.0,2.0,1.0,1.0,3.0,0.0,4.0,3.0,3.0,3.0,50,Man,Grundskola,Grupp A,1.0,3.0,2.0,2.0,3.0,2.0,2.0,3.0,2.0,3.0,0.0,2.0,1.0,2.0,2.0,1.0,2.0,1.0,3.0,2.0,1.0,4.0,1.0,3.0,0.0,2.0,2.0,2.0,2.0,2.0,0.0,4.0,3.0,1.0,1.0,2.0,0.0,2.0,2.0,2.0,3.0,0.0,4.0,1.0,3.0,2.0,4.0,4.0,3.0,2.0,32.0,49.0,1
215,3.0,0.0,2.0,1.0,2.0,3.0,2.0,2.0,2.0,2.0,2.0,3.0,2.0,4.0,1.0,2.0,2.0,3.0,2.0,2.0,1.0,2.0,1.0,4.0,1.0,3.0,0.0,3.0,2.0,2.0,1.0,2.0,1.0,3.0,1.0,1.0,0.0,0.0,1.0,1.0,3.0,0.0,3.0,3.0,,2.0,3.0,3.0,3.0,4.0,56,Man,Högskola/Universitet,Grupp A,,,,,,,,,,,,,,,,,,,,,,,,,,,,,,,,,,,,,,,,,,,,,,,,,,,46.0,51.0,0
216,2.0,2.0,1.0,3.0,2.0,2.0,3.0,1.0,2.0,2.0,1.0,2.0,2.0,3.0,1.0,3.0,2.0,2.0,1.0,2.0,2.0,2.0,2.0,1.0,0.0,2.0,0.0,3.0,0.0,2.0,2.0,2.0,2.0,3.0,3.0,2.0,2.0,4.0,4.0,1.0,3.0,1.0,4.0,1.0,2.0,2.0,2.0,4.0,4.0,4.0,34,Kvinna,Högskola/Universitet,Grupp A,,,,,,,,,,,,,,,,,,,,,,,,,,,,,,,,,,,,,,,,,,,,,,,,,,,50.0,45.0,0
217,1.0,4.0,2.0,4.0,1.0,4.0,2.0,2.0,1.0,2.0,4.0,1.0,2.0,0.0,3.0,0.0,4.0,0.0,0.0,0.0,2.0,2.0,1.0,3.0,0.0,2.0,0.0,3.0,1.0,3.0,1.0,4.0,0.0,2.0,2.0,0.0,2.0,0.0,2.0,0.0,2.0,1.0,2.0,2.0,1.0,2.0,2.0,2.0,2.0,3.0,18,Kvinna,Gymnasium,Grupp C,0.0,3.0,1.0,3.0,1.0,4.0,0.0,3.0,2.0,3.0,4.0,2.0,2.0,1.0,3.0,1.0,3.0,2.0,1.0,0.0,0.0,0.0,4.0,2.0,1.0,1.0,2.0,3.0,2.0,3.0,0.0,3.0,2.0,4.0,0.0,1.0,0.0,1.0,1.0,0.0,1.0,3.0,1.0,2.0,1.0,2.0,2.0,3.0,0.0,2.0,47.0,36.0,0
218,1.0,2.0,2.0,3.0,3.0,3.0,2.0,3.0,2.0,2.0,2.0,2.0,1.0,2.0,0.0,4.0,0.0,2.0,4.0,2.0,3.0,0.0,2.0,2.0,3.0,2.0,4.0,2.0,2.0,4.0,2.0,2.0,3.0,4.0,3.0,3.0,2.0,2.0,2.0,2.0,2.0,3.0,1.0,4.0,2.0,2.0,2.0,1.0,2.0,1.0,43,Kvinna,Grundskola,Grupp A,2.0,3.0,2.0,0.0,1.0,3.0,2.0,3.0,2.0,2.0,0.0,2.0,1.0,3.0,1.0,3.0,0.0,2.0,4.0,3.0,2.0,2.0,2.0,2.0,2.0,2.0,2.0,0.0,3.0,2.0,4.0,2.0,3.0,3.0,3.0,2.0,2.0,2.0,2.0,2.0,1.0,2.0,4.0,2.0,2.0,3.0,2.0,2.0,2.0,1.0,49.0,39.0,1
219,2.0,3.0,2.0,1.0,3.0,2.0,0.0,2.0,2.0,1.0,1.0,3.0,2.0,2.0,2.0,4.0,1.0,3.0,2.0,3.0,3.0,1.0,3.0,1.0,1.0,,2.0,2.0,2.0,2.0,4.0,0.0,2.0,1.0,3.0,4.0,3.0,4.0,4.0,3.0,2.0,3.0,2.0,1.0,2.0,2.0,3.0,3.0,1.0,1.0,60,Kvinna,Grundskola,Grupp B,,,,,,,,,,,,,,,,,,,,,,,,,,,,,,,,,,,,,,,,,,,,,,,,,,,52.0,37.0,0
220,2.0,2.0,4.0,1.0,2.0,3.0,3.0,2.0,2.0,2.0,,1.0,3.0,0.0,1.0,0.0,2.0,2.0,2.0,2.0,2.0,2.0,3.0,2.0,2.0,2.0,2.0,2.0,2.0,2.0,2.0,2.0,3.0,1.0,2.0,2.0,2.0,2.0,2.0,3.0,0.0,2.0,0.0,2.0,1.0,3.0,1.0,1.0,2.0,2.0,56,Kvinna,Gymnasium,Grupp C,2.0,1.0,3.0,3.0,1.0,1.0,2.0,3.0,2.0,2.0,1.0,1.0,3.0,2.0,2.0,1.0,2.0,2.0,2.0,3.0,3.0,2.0,4.0,0.0,3.0,1.0,2.0,2.0,2.0,1.0,2.0,2.0,1.0,4.0,1.0,2.0,2.0,1.0,1.0,2.0,2.0,2.0,0.0,2.0,1.0,4.0,0.0,2.0,2.0,1.0,60.0,48.0,0
221,2.0,3.0,2.0,4.0,2.0,2.0,1.0,3.0,2.0,3.0,2.0,3.0,3.0,2.0,2.0,3.0,1.0,2.0,2.0,2.0,3.0,2.0,2.0,2.0,3.0,2.0,1.0,1.0,2.0,4.0,2.0,3.0,3.0,3.0,2.0,1.0,2.0,2.0,2.0,2.0,2.0,2.0,2.0,1.0,3.0,2.0,3.0,2.0,2.0,2.0,28,Kvinna,Högskola/Universitet,Grupp C,,,,,,,,,,,,,,,,,,,,,,,,,,,,,,,,,,,,,,,,,,,,,,,,,,,26.0,41.0,0
222,3.0,3.0,2.0,3.0,1.0,2.0,1.0,2.0,3.0,2.0,4.0,2.0,2.0,1.0,2.0,2.0,2.0,2.0,2.0,1.0,2.0,3.0,2.0,,0.0,2.0,2.0,2.0,2.0,3.0,2.0,2.0,2.0,1.0,2.0,2.0,3.0,1.0,1.0,2.0,1.0,1.0,1.0,2.0,,2.0,2.0,2.0,1.0,1.0,25,Kvinna,Gymnasium,Grupp B,1.0,2.0,2.0,3.0,3.0,3.0,2.0,2.0,2.0,1.0,2.0,1.0,2.0,2.0,0.0,2.0,3.0,2.0,3.0,2.0,0.0,2.0,2.0,2.0,1.0,3.0,1.0,4.0,1.0,1.0,0.0,2.0,1.0,2.0,3.0,2.0,2.0,2.0,2.0,0.0,2.0,2.0,2.0,3.0,2.0,2.0,3.0,3.0,3.0,1.0,40.0,74.0,1
223,2.0,,0.0,3.0,1.0,3.0,1.0,1.0,1.0,4.0,4.0,0.0,4.0,1.0,3.0,2.0,2.0,2.0,1.0,3.0,0.0,3.0,1.0,2.0,2.0,4.0,0.0,2.0,1.0,2.0,2.0,,2.0,1.0,2.0,2.0,2.0,3.0,2.0,2.0,2.0,1.0,4.0,2.0,2.0,1.0,3.0,2.0,2.0,2.0,23,Man,Grundskola,Grupp A,,,,,,,,,,,,,,,,,,,,,,,,,,,,,,,,,,,,,,,,,,,,,,,,,,,28.0,60.0,0
224,3.0,1.0,4.0,2.0,3.0,3.0,1.0,0.0,4.0,3.0,1.0,3.0,3.0,2.0,1.0,3.0,2.0,2.0,3.0,2.0,4.0,0.0,3.0,0.0,4.0,0.0,3.0,0.0,4.0,2.0,1.0,2.0,1.0,2.0,1.0,1.0,1.0,0.0,1.0,0.0,4.0,1.0,3.0,1.0,4.0,0.0,4.0,4.0,4.0,2.0,18,Man,Högskola/Universitet,Grupp A,,,,,,,,,,,,,,,,,,,,,,,,,,,,,,,,,,,,,,,,,,,,,,,,,,,62.0,35.0,0
225,2.0,2.0,2.0,2.0,1.0,2.0,1.0,3.0,3.0,2.0,2.0,3.0,3.0,2.0,3.0,2.0,3.0,2.0,3.0,1.0,3.0,2.0,2.0,1.0,2.0,2.0,1.0,2.0,2.0,0.0,2.0,3.0,2.0,3.0,2.0,2.0,2.0,2.0,1.0,2.0,2.0,3.0,3.0,2.0,2.0,2.0,2.0,2.0,4.0,2.0,37,Kvinna,Gymnasium,Grupp A,,,,,,,,,,,,,,,,,,,,,,,,,,,,,,,,,,,,,,,,,,,,,,,,,,,71.0,71.0,0
226,,1.0,2.0,2.0,3.0,1.0,2.0,0.0,3.0,2.0,1.0,4.0,0.0,2.0,0.0,0.0,0.0,2.0,2.0,3.0,2.0,2.0,3.0,2.0,2.0,2.0,2.0,2.0,1.0,2.0,3.0,3.0,2.0,3.0,2.0,2.0,2.0,1.0,2.0,2.0,2.0,2.0,3.0,3.0,4.0,1.0,3.0,2.0,3.0,2.0,48,Kvinna,Grundskola,Grupp A,3.0,1.0,2.0,1.0,3.0,1.0,2.0,1.0,3.0,2.0,1.0,2.0,1.0,2.0,1.0,3.0,2.0,3.0,2.0,2.0,2.0,2.0,2.0,1.0,2.0,1.0,2.0,1.0,2.0,2.0,0.0,2.0,0.0,4.0,1.0,1.0,2.0,1.0,2.0,2.0,1.0,0.0,4.0,0.0,3.0,2.0,4.0,2.0,2.0,2.0,79.0,35.0,0
227,2.0,2.0,2.0,1.0,2.0,2.0,1.0,1.0,4.0,2.0,4.0,0.0,4.0,2.0,4.0,0.0,2.0,1.0,1.0,2.0,3.0,2.0,2.0,1.0,2.0,2.0,3.0,1.0,3.0,3.0,3.0,3.0,1.0,2.0,2.0,2.0,2.0,2.0,2.0,1.0,1.0,4.0,0.0,3.0,0.0,4.0,0.0,2.0,1.0,0.0,30,Man,Gymnasium,Grupp C,,,,,,,,,,,,,,,,,,,,,,,,,,,,,,,,,,,,,,,,,,,,,,,,,,,47.0,56.0,0
228,2.0,1.0,2.0,2.0,2.0,0.0,3.0,3.0,3.0,2.0,0.0,3.0,1.0,4.0,0.0,2.0,0.0,4.0,2.0,2.0,4.0,1.0,4.0,,2.0,1.0,4.0,2.0,3.0,1.0,2.0,2.0,2.0,2.0,1.0,2.0,3.0,1.0,4.0,4.0,1.0,3.0,3.0,2.0,2.0,3.0,1.0,1.0,2.0,1.0,62,Kvinna,Högskola/Universitet,Grupp A,,,,,,,,,,,,,,,,,,,,,,,,,,,,,,,,,,,,,,,,,,,,,,,,,,,50.0,45.0,1
229,2.0,2.0,2.0,3.0,3.0,2.0,2.0,2.0,2.0,2.0,3.0,1.0,3.0,2.0,1.0,1.0,2.0,3.0,2.0,0.0,2.0,3.0,2.0,1.0,0.0,3.0,0.0,3.0,1.0,0.0,2.0,0.0,3.0,3.0,3.0,4.0,2.0,2.0,4.0,3.0,4.0,2.0,,0.0,2.0,0.0,3.0,3.0,4.0,4.0,47,Kvinna,Högskola/Universitet,Grupp C,,,,,,,,,,,,,,,,,,,,,,,,,,,,,,,,,,,,,,,,,,,,,,,,,,,31.0,23.0,1
230,2.0,2.0,1.0,2.0,2.0,3.0,2.0,2.0,2.0,3.0,2.0,2.0,3.0,2.0,4.0,2.0,3.0,1.0,2.0,0.0,2.0,2.0,1.0,3.0,2.0,3.0,2.0,2.0,2.0,3.0,2.0,2.0,3.0,2.0,3.0,4.0,4.0,,4.0,1.0,2.0,4.0,2.0,2.0,2.0,4.0,0.0,1.0,2.0,1.0,52,Man,Gymnasium,Grupp B,,,,,,,,,,,,,,,,,,,,,,,,,,,,,,,,,,,,,,,,,,,,,,,,,,,48.0,82.0,0
231,4.0,2.0,2.0,0.0,3.0,1.0,4.0,2.0,4.0,,2.0,0.0,3.0,1.0,2.0,3.0,4.0,0.0,2.0,1.0,0.0,3.0,0.0,3.0,1.0,1.0,0.0,3.0,0.0,2.0,3.0,1.0,2.0,1.0,2.0,1.0,3.0,1.0,1.0,2.0,1.0,2.0,2.0,3.0,2.0,1.0,4.0,1.0,2.0,0.0,18,Man,Gymnasium,Grupp C,4.0,1.0,2.0,2.0,2.0,1.0,2.0,4.0,2.0,2.0,3.0,2.0,4.0,2.0,3.0,1.0,3.0,2.0,2.0,1.0,1.0,2.0,0.0,3.0,1.0,4.0,0.0,3.0,0.0,3.0,2.0,2.0,4.0,0.0,2.0,3.0,3.0,2.0,2.0,3.0,3.0,2.0,3.0,2.0,2.0,2.0,0.0,3.0,3.0,1.0,72.0,72.0,1
232,2.0,2.0,2.0,4.0,2.0,4.0,1.0,3.0,2.0,2.0,4.0,1.0,4.0,3.0,2.0,1.0,3.0,0.0,1.0,2.0,,1.0,4.0,2.0,1.0,0.0,3.0,2.0,2.0,3.0,4.0,0.0,3.0,0.0,4.0,1.0,4.0,4.0,3.0,4.0,2.0,2.0,3.0,2.0,1.0,3.0,3.0,1.0,2.0,2.0,32,Kvinna,Gymnasium,Grupp A,,,,,,,,,,,,,,,,,,,,,,,,,,,,,,,,,,,,,,,,,,,,,,,,,,,42.0,48.0,0
233,2.0,1.0,3.0,2.0,2.0,2.0,3.0,2.0,3.0,1.0,3.0,2.0,1.0,4.0,4.0,3.0,2.0,2.0,2.0,3.0,3.0,1.0,3.0,2.0,3.0,2.0,2.0,1.0,2.0,1.0,2.0,2.0,2.0,3.0,1.0,1.0,0.0,0.0,0.0,1.0,0.0,3.0,0.0,2.0,1.0,4.0,1.0,1.0,2.0,0.0,22,Kvinna,Gymnasium,Grupp A,,,,,,,,,,,,,,,,,,,,,,,,,,,,,,,,,,,,,,,,,,,,,,,,,,,63.0,40.0,1
234,2.0,0.0,2.0,1.0,3.0,3.0,3.0,2.0,2.0,2.0,2.0,2.0,2.0,2.0,3.0,3.0,3.0,3.0,2.0,2.0,2.0,2.0,2.0,2.0,2.0,,2.0,2.0,2.0,3.0,2.0,1.0,2.0,2.0,2.0,2.0,1.0,2.0,3.0,4.0,0.0,4.0,2.0,3.0,1.0,4.0,1.0,1.0,0.0,2.0,68,Man,Grundskola,Grupp A,3.0,2.0,2.0,1.0,4.0,1.0,4.0,2.0,4.0,2.0,3.0,1.0,3.0,3.0,2.0,2.0,2.0,2.0,2.0,2.0,1.0,2.0,3.0,4.0,0.0,3.0,0.0,2.0,2.0,3.0,2.0,2.0,3.0,2.0,1.0,2.0,2.0,2.0,2.0,2.0,0.0,3.0,0.0,4.0,1.0,4.0,1.0,1.0,3.0,1.0,58.0,39.0,1
235,0.0,4.0,3.0,2.0,2.0,2.0,2.0,4.0,2.0,2.0,3.0,2.0,2.0,3.0,2.0,0.0,2.0,0.0,2.0,2.0,1.0,3.0,2.0,2.0,0.0,2.0,2.0,2.0,4.0,2.0,2.0,2.0,3.0,2.0,2.0,1.0,2.0,3.0,2.0,0.0,3.0,2.0,2.0,2.0,2.0,2.0,1.0,2.0,3.0,2.0,48,Kvinna,Gymnasium,Grupp B,,,,,,,,,,,,,,,,,,,,,,,,,,,,,,,,,,,,,,,,,,,,,,,,,,,59.0,59.0,0
236,2.0,3.0,3.0,2.0,2.0,2.0,3.0,2.0,2.0,1.0,1.0,3.0,3.0,3.0,2.0,2.0,1.0,2.0,1.0,1.0,2.0,3.0,3.0,2.0,2.0,1.0,2.0,2.0,2.0,2.0,1.0,2.0,3.0,3.0,2.0,2.0,2.0,2.0,1.0,0.0,4.0,0.0,3.0,1.0,2.0,0.0,2.0,2.0,2.0,4.0,30,Man,Gymnasium,Grupp C,0.0,3.0,2.0,4.0,0.0,2.0,1.0,2.0,2.0,3.0,2.0,2.0,0.0,2.0,2.0,2.0,2.0,2.0,3.0,0.0,2.0,2.0,2.0,3.0,3.0,0.0,2.0,1.0,2.0,2.0,1.0,3.0,2.0,3.0,2.0,4.0,2.0,2.0,0.0,2.0,3.0,1.0,3.0,2.0,4.0,0.0,4.0,3.0,4.0,4.0,51.0,67.0,0
237,3.0,0.0,3.0,1.0,3.0,1.0,3.0,0.0,3.0,1.0,2.0,,3.0,3.0,1.0,2.0,2.0,2.0,3.0,1.0,0.0,3.0,0.0,3.0,0.0,3.0,1.0,3.0,0.0,0.0,2.0,2.0,2.0,3.0,1.0,0.0,2.0,1.0,1.0,2.0,1.0,2.0,2.0,3.0,1.0,1.0,1.0,2.0,2.0,1.0,27,Kvinna,Gymnasium,Grupp A,,,,,,,,,,,,,,,,,,,,,,,,,,,,,,,,,,,,,,,,,,,,,,,,,,,70.0,59.0,1
238,1.0,3.0,0.0,2.0,1.0,3.0,1.0,2.0,1.0,2.0,,2.0,2.0,2.0,1.0,1.0,2.0,2.0,1.0,2.0,4.0,3.0,3.0,1.0,2.0,0.0,2.0,2.0,4.0,2.0,3.0,2.0,2.0,2.0,2.0,3.0,2.0,3.0,2.0,2.0,0.0,2.0,2.0,4.0,2.0,2.0,0.0,2.0,3.0,1.0,27,Kvinna,Grundskola,Grupp A,,,,,,,,,,,,,,,,,,,,,,,,,,,,,,,,,,,,,,,,,,,,,,,,,,,49.0,21.0,0
239,0.0,4.0,0.0,4.0,0.0,4.0,0.0,4.0,0.0,1.0,3.0,0.0,4.0,0.0,3.0,1.0,3.0,1.0,1.0,1.0,2.0,1.0,2.0,2.0,,2.0,3.0,2.0,3.0,2.0,2.0,2.0,2.0,2.0,4.0,3.0,2.0,4.0,3.0,1.0,2.0,3.0,2.0,2.0,2.0,,1.0,1.0,3.0,3.0,19,Kvinna,Högskola/Universitet,Grupp B,2.0,2.0,1.0,2.0,0.0,4.0,1.0,2.0,1.0,2.0,3.0,0.0,4.0,1.0,2.0,0.0,3.0,1.0,1.0,1.0,2.0,2.0,2.0,1.0,3.0,2.0,2.0,2.0,2.0,2.0,4.0,2.0,2.0,0.0,3.0,3.0,2.0,3.0,2.0,2.0,2.0,3.0,2.0,3.0,2.0,4.0,2.0,3.0,1.0,2.0,24.0,56.0,0
240,2.0,2.0,2.0,3.0,2.0,3.0,2.0,2.0,2.0,3.0,2.0,0.0,2.0,2.0,4.0,2.0,3.0,2.0,1.0,0.0,3.0,3.0,4.0,1.0,4.0,2.0,1.0,1.0,1.0,4.0,3.0,3.0,2.0,1.0,2.0,2.0,3.0,3.0,3.0,2.0,3.0,1.0,2.0,1.0,1.0,1.0,4.0,3.0,3.0,2.0,38,Man,Gymnasium,Grupp A,,,,,,,,,,,,,,,,,,,,,,,,,,,,,,,,,,,,,,,,,,,,,,,,,,,53.0,24.0,1
241,3.0,2.0,2.0,2.0,2.0,1.0,2.0,3.0,2.0,1.0,0.0,3.0,1.0,3.0,0.0,3.0,2.0,2.0,3.0,4.0,2.0,0.0,3.0,2.0,4.0,0.0,3.0,1.0,2.0,2.0,3.0,2.0,2.0,0.0,4.0,3.0,4.0,4.0,4.0,4.0,1.0,2.0,,4.0,2.0,4.0,1.0,2.0,1.0,0.0,52,Kvinna,Gymnasium,Grupp A,,,,,,,,,,,,,,,,,,,,,,,,,,,,,,,,,,,,,,,,,,,,,,,,,,,50.0,55.0,1
242,3.0,3.0,0.0,2.0,2.0,1.0,3.0,1.0,1.0,2.0,3.0,1.0,3.0,0.0,4.0,1.0,3.0,1.0,0.0,0.0,1.0,2.0,2.0,3.0,1.0,2.0,1.0,2.0,0.0,1.0,1.0,2.0,4.0,1.0,3.0,3.0,2.0,2.0,2.0,0.0,2.0,2.0,3.0,4.0,2.0,2.0,3.0,2.0,3.0,2.0,18,Kvinna,Gymnasium,Grupp B,2.0,1.0,2.0,2.0,2.0,2.0,2.0,1.0,3.0,1.0,3.0,1.0,4.0,0.0,4.0,1.0,3.0,1.0,2.0,1.0,2.0,2.0,2.0,2.0,0.0,1.0,3.0,2.0,1.0,2.0,2.0,1.0,0.0,2.0,3.0,3.0,2.0,2.0,2.0,3.0,2.0,2.0,2.0,0.0,0.0,1.0,2.0,1.0,0.0,2.0,50.0,34.0,0
243,3.0,0.0,4.0,1.0,3.0,1.0,3.0,1.0,4.0,1.0,2.0,2.0,3.0,2.0,2.0,2.0,2.0,2.0,1.0,1.0,4.0,0.0,3.0,1.0,4.0,1.0,4.0,0.0,3.0,4.0,1.0,2.0,2.0,3.0,1.0,2.0,2.0,2.0,2.0,1.0,3.0,1.0,2.0,2.0,3.0,1.0,2.0,2.0,2.0,2.0,47,Man,Högskola/Universitet,Grupp C,,,,,,,,,,,,,,,,,,,,,,,,,,,,,,,,,,,,,,,,,,,,,,,,,,,62.0,51.0,1
244,2.0,4.0,1.0,3.0,0.0,4.0,0.0,4.0,0.0,2.0,2.0,2.0,1.0,2.0,1.0,3.0,3.0,2.0,2.0,2.0,3.0,3.0,2.0,4.0,2.0,2.0,2.0,1.0,2.0,2.0,3.0,1.0,4.0,2.0,3.0,4.0,2.0,3.0,3.0,4.0,3.0,2.0,3.0,4.0,1.0,1.0,3.0,2.0,1.0,1.0,26,Kvinna,Gymnasium,Grupp B,1.0,4.0,1.0,3.0,1.0,3.0,1.0,3.0,1.0,4.0,2.0,1.0,2.0,2.0,2.0,3.0,4.0,3.0,2.0,3.0,2.0,2.0,0.0,3.0,1.0,4.0,2.0,3.0,3.0,1.0,3.0,1.0,2.0,2.0,2.0,2.0,1.0,4.0,2.0,1.0,2.0,2.0,3.0,2.0,2.0,1.0,2.0,3.0,3.0,3.0,17.0,76.0,0
245,2.0,2.0,2.0,2.0,2.0,3.0,1.0,3.0,2.0,3.0,3.0,0.0,2.0,1.0,4.0,1.0,1.0,2.0,2.0,2.0,3.0,2.0,3.0,1.0,2.0,2.0,1.0,1.0,2.0,2.0,1.0,3.0,1.0,4.0,1.0,0.0,0.0,0.0,0.0,1.0,2.0,1.0,3.0,1.0,2.0,4.0,1.0,1.0,2.0,2.0,50,Man,Högskola/Universitet,Grupp B,1.0,3.0,0.0,4.0,1.0,3.0,1.0,4.0,0.0,2.0,3.0,2.0,2.0,1.0,2.0,0.0,2.0,3.0,2.0,1.0,3.0,2.0,3.0,2.0,2.0,1.0,3.0,2.0,2.0,3.0,2.0,3.0,1.0,3.0,2.0,0.0,1.0,0.0,1.0,1.0,2.0,2.0,1.0,2.0,2.0,4.0,2.0,2.0,0.0,2.0,52.0,55.0,0
246,1.0,3.0,1.0,2.0,4.0,2.0,2.0,3.0,2.0,2.0,2.0,3.0,2.0,1.0,0.0,0.0,2.0,0.0,2.0,3.0,0.0,3.0,1.0,2.0,2.0,4.0,1.0,4.0,2.0,1.0,2.0,1.0,1.0,1.0,2.0,4.0,3.0,2.0,2.0,2.0,2.0,2.0,2.0,2.0,2.0,2.0,3.0,2.0,2.0,3.0,27,Kvinna,Högskola/Universitet,Grupp A,,,,,,,,,,,,,,,,,,,,,,,,,,,,,,,,,,,,,,,,,,,,,,,,,,,54.0,20.0,0
247,2.0,2.0,2.0,2.0,2.0,1.0,3.0,2.0,1.0,2.0,2.0,2.0,2.0,3.0,3.0,2.0,3.0,2.0,3.0,2.0,1.0,3.0,1.0,3.0,0.0,3.0,0.0,4.0,1.0,1.0,2.0,1.0,2.0,3.0,1.0,2.0,3.0,0.0,2.0,2.0,2.0,3.0,0.0,3.0,1.0,2.0,,1.0,1.0,1.0,32,Kvinna,Gymnasium,Grupp A,,,,,,,,,,,,,,,,,,,,,,,,,,,,,,,,,,,,,,,,,,,,,,,,,,,55.0,54.0,0
248,2.0,2.0,,2.0,1.0,3.0,3.0,3.0,2.0,2.0,1.0,2.0,4.0,2.0,3.0,0.0,3.0,2.0,,2.0,2.0,1.0,2.0,2.0,,1.0,2.0,0.0,1.0,3.0,0.0,4.0,0.0,3.0,1.0,1.0,1.0,1.0,0.0,2.0,2.0,2.0,2.0,2.0,2.0,2.0,1.0,2.0,1.0,2.0,42,Kvinna,Gymnasium,Grupp B,,,,,,,,,,,,,,,,,,,,,,,,,,,,,,,,,,,,,,,,,,,,,,,,,,,35.0,41.0,0
249,2.0,2.0,2.0,2.0,1.0,2.0,2.0,2.0,2.0,2.0,2.0,1.0,1.0,1.0,1.0,3.0,2.0,1.0,2.0,2.0,3.0,3.0,2.0,2.0,3.0,2.0,3.0,2.0,4.0,2.0,2.0,4.0,0.0,4.0,0.0,1.0,1.0,0.0,2.0,2.0,2.0,2.0,1.0,2.0,2.0,3.0,1.0,2.0,2.0,2.0,40,Kvinna,Gymnasium,Grupp A,,,,,,,,,,,,,,,,,,,,,,,,,,,,,,,,,,,,,,,,,,,,,,,,,,,47.0,39.0,0
250,1.0,3.0,2.0,2.0,2.0,3.0,1.0,2.0,0.0,4.0,1.0,2.0,2.0,2.0,1.0,,2.0,1.0,2.0,3.0,3.0,2.0,4.0,1.0,2.0,1.0,3.0,0.0,3.0,3.0,3.0,2.0,2.0,3.0,2.0,3.0,3.0,3.0,2.0,2.0,0.0,4.0,1.0,3.0,2.0,3.0,2.0,0.0,0.0,0.0,51,Kvinna,Gymnasium,Grupp B,,,,,,,,,,,,,,,,,,,,,,,,,,,,,,,,,,,,,,,,,,,,,,,,,,,63.0,55.0,0
